FACULDADE DE ILHA SOLTEIRA (FAISA),FAISA,Alameda Bahia - 490-C Centro,Ilha Solteira,
FACULDADE CIDADE LUZ (FACILUZ),FACILUZ,Alameda Bahia - 490D Centro,Ilha Solteira,
Faculdade Melies de Tecnologia (Melies),Melies,Alameda dos Maracatins - 961 Indianópolis,São Paulo,
Faculdade Integrada de Pesquisa e Educação em Saúde de SP (FIPESP),FIPESP,Alameda Franca - 1604 Jardim Paulista,São Paulo,
Faculdade de Tecnologia Sebrae (FATEC SEBRAE),FATEC SEBRAE,Alameda Nothmann - 598 Campos Elíseos,São Paulo,
FACULDADE IBMEC SÃO PAULO (IBMEC SP),IBMEC SP,Alameda Santos - 2356 Cerqueira César,São Paulo,
CENTRO UNIVERSITÁRIO LUSÍADA (UNILUS),UNILUS,Armando de Salles Oliveira - 150 Boqueirão,Santos,
CENTRO UNIVERSITÁRIO FIEO (UNIFIEO),UNIFIEO,AV FRANZ VOEGELI - 300 VILA YARA,Osasco,
FACULDADE DE FILOSOFIA CIÊNCIAS E LETRAS DE PENÁPOLIS (FAFIPE),FAFIPE,AV SÃO JOSÉ - 400 VILA MARTINS,Penápolis,
FACULDADE PAULISTA DE ARTES (FPA),FPA,Av. Brigadeiro Luis Antonio - 1224 BELA VISTA,São Paulo,
Faculdade de Tecnologia Estudante Rafael Almeida Camarinha - Marilia (Fatec Marilia),Fatec Marilia,av. castro alves - 62 somenzari,Marília,
Faculdade de Tecnologia de São José dos Campos - Jessen Vidal (FATECSJCAMPOS),FATECSJCAMPOS,Av. Cesare Mansueto Giulio Lattes - s/n Eugênio de Melo,São José dos Campos,
INSTITUTO MUNICIPAL DE ENSINO SUPERIOR DE CATANDUVA (IMES CATANDUVA),IMES CATANDUVA,Av. Daniel Dalto S/N - S/N Rural,Catanduva,
FACULDADE FIA DE ADMINISTRAÇÃO E NEGÓCIOS (FFIA),FFIA,Av. das Nações Unidas - 7221 Pinheiros,São Paulo,
CENTRO UNIVERSITÁRIO DON DOMÊNICO (UNIDON),UNIDON,Av. Dr. Arthur Costa Filho - 20 Vila Maia,Guarujá,
CENTRO UNIVERSITÁRIO FUNDAÇÃO DE ENSINO OCTÁVIO BASTOS - FEOB (UNIFEOB),UNIFEOB,Av. Dr. Octávio da Silva Bastos - 2439 Jardim Nova São João,São João da Boa Vista,
FACULDADE VILLA-LOBOS DO CONE-LESTE PAULISTA (FAV-COLESP),FAV-COLESP,Av. Eng. Francisco José Longo - 460 Jardim São Dimas,São José dos Campos,
CENTRO UNIVERSITÁRIO SENAC (SENACSP),SENACSP,Av. Engenheiro Eusébio Stevaux - nº 823 Jurubatuba,São Paulo,
Faculdade Estácio de Carapicuíba (ESTÁCIO CARAPICUÍBA),ESTÁCIO CARAPICUÍBA,AV. FRANCISCO PIGNATARI - 630 VILA GUSTAVO CORREIA,Carapicuíba,
Faculdade de Tecnologia de Pompeia - Shunji Nishimura (FATEC Pompeia),FATEC Pompeia,Av. Fundação Shunji Nishimura e Tecnologia - 605 Distrito Industrial,Pompéia,
INSTITUTO MUNICIPAL DE ENSINO SUPERIOR DE ASSIS (IMESA),IMESA,Av. Getúlio Vargas - 1200 Vila Nova Santana,Assis,
FACULDADE DE CIÊNCIAS HUMANAS DO VALE DO RIO GRANDE (FCHVRG),FCHVRG,Av. Gov. Adhemar Pereira de Barros - 1200 Distrito Industrial,Olímpia,
Faculdade de Tecnologia de Itaquaquecetuba (Fatec Itaqua),Fatec Itaqua,Av. Itaquaquecetuba - 711 Vila Monte Belo,Itaquaquecetuba,
FACULDADE DE VINHEDO (FV),FV,Av. João Pescarini - 568 Jardim Trevisan II,Vinhedo,
INSTITUTO DE ENSINO SUPERIOR THATHI (FACULDADE THATHI COC),FACULDADE THATHI COC,Av. Joaquim Pompeu de Toledo - 75 Baguaçu,Araçatuba,
FIAM-FAAM - CENTRO UNIVERSITÁRIO (UNIFIAM-FAAM),UNIFIAM-FAAM,Av. Morumbi - 501 Morumbi,São Paulo,
INSTITUTO EDUCATIE (EDUCATIE),EDUCATIE,Av. Paulista - 726 Bela Vista,São Paulo,
FACULDADE ROBERTO MIRANDA (FRM SP),FRM SP,"Av. Paulista, 1009 - 21o andar - 187 Vila Mariana",São Paulo,
FACULDADE DE TECNOLOGIA DE GARÇA (FATECGA),FATECGA,Av. Presidente Vargas - 2331 Vila José Ribeiro,Garça,
FACULDADE IMESP MONITOR (IMESP),IMESP,Av. Rangel Pestana - 1105 Brás,São Paulo,
FACULDADE PIAGET (FACPIAGET),FACPIAGET,Av. Senador Roberto Simonsen - 972 Jardim Imperador,Suzano,
UNIVERSIDADE DO VALE DO PARAÍBA (UNIVAP),UNIVAP,"Av. Shishima Hifumi, nº 2911, Bairro Urbanova - 2911 Urbanova",São José dos Campos,
FACULDADE DE CIÊNCIAS HUMANAS (IMENSU),IMENSU,AV. THOMAZ RODRIGUES DA CRUZ - 1113 BARREIRO,Mairiporã,
FACULDADE DE ORLÂNDIA (FAO),FAO,Avenida 15 - 255 A Nova Orlândia,Orlândia,
FACULDADE DE TECNOLOGIA FATEP (FATEP),FATEP,Avenida 25 - 148 Vila Santo Antonio,Rio Claro,
ESCOLA DE ADMINISTRAÇÃO DE EMPRESAS DE SÃO PAULO (FGV-EAESP),FGV-EAESP,Avenida 9 de Julho - 2029 Bela Vista,São Paulo,
INSTITUTO SUPERIOR DE EDUCAÇÃO DE IGUAPE (ISE IGUAPE),ISE IGUAPE,Avenida Ademar de Barros - 1070 Porto do Ribeira,Iguape,
Faculdade Marquês de Olinda (FMO),FMO,Avenida Adhemar de Barros - 987/974 Vila Santo Antônio,Guarujá,
FACULDADE PASCHOAL DANTAS (FPD),FPD,Avenida Afonso de Sampaio e Sousa - 495 Parque do Carmo,São Paulo,
FACULDADE ITEANA DE BOTUCATU (FITB),FITB,Avenida Alcides Cagliari - 2.601 Jardim Evelyn,Botucatu,
FACULDADE DIADEMA (FAD),FAD,Avenida Alda - 831 Parque 7 de Setembro,Diadema,
FACULDADE DO INSTITUTO NACIONAL DE PÓS-GRADUAÇÃO DE SÃO JOSÉ DOS CAMPOS (FACULDADE INPG - SJC),FACULDADE INPG - SJC,Avenida Alfredo Ignácio Nogueira Penido - 678 Parque Residencial Aquarius,São José dos Campos,
FACULDADE DE TECNOLOGIA DE MOCOCA (FATEC),FATEC,Avenida Américo Pereira Lima - S/N Jardim Lavínia,Mococa,
FACULDADE NETWORK (NWK),NWK,Avenida Ampélio Gazzetta - 2445 Lopes Iglesias,Nova Odessa,
FACULDADE CERES (FACERES),FACERES,Avenida Anísio Haddad - 6.751 Jardim Morumbi,São José do Rio Preto,
INSTITUTO SUPERIOR DE EDUCAÇÃO CERES (ISE-CERES),ISE-CERES,Avenida Anísio Haddad - 6751 Jardim Morumbi,São José do Rio Preto,
FACULDADE DE TECNOLOGIA DE MAUÁ (FATEC MAUÁ),FATEC MAUÁ,Avenida Antônia Rosa Fioravanti - 804 Jardim Rosina,Mauá,
FACULDADE DE ENSINO SUPERIOR DO INTERIOR PAULISTA (FAIP),FAIP,Avenida Antonieta Altenfelder - 65 Jardim Santa Antonieta,Marília,
FACULDADE ANHANGUERA DE SERTÃOZINHO (FASERT),FASERT,Avenida Antônio Paschoal - 1954 Jardim São José,Sertãozinho,
FACULDADES INTEGRADAS DOM PEDRO II (DOMPEDRO),DOMPEDRO,AVENIDA BADY BASSITT - 3777 IMPERIAL,São José do Rio Preto,
FACULDADE DE TECNOLOGIA DE TAUBATÉ (ETEP),ETEP,Avenida Bandeirantes - E-701 Jardim Maria Augusta,Taubaté,
FACULDADE DE TECNOLOGIA RUBENS LARA (FATEC-BS),FATEC-BS,Avenida Bartolomeu de Gusmão 110 Fatec - Faculdade de Tecnólogia da Baixada Santista - 110 Aparecida,Santos,
FACULDADES INTEGRADAS DE ARARAQUARA (FIAR),FIAR,Avenida Brasil - 782 Centro,Araraquara,
FACULDADE DE MEDICINA DE SÃO JOSÉ DO RIO PRETO (FAMERP),FAMERP,Avenida Brigadeiro Faria Lima - 5416 VILA SÃO PEDRO,São José do Rio Preto,
FACULDADE PAULISTA DE PESQUISA E ENSINO SUPERIOR (FAPPES),FAPPES,Avenida Brigadeiro Luis Antonio - 277 Bela Vista,São Paulo,
FACULDADE BARRETOS (FB),FB,AVENIDA C 12 - 1555 CRISTIANO DE CARVALHO,Barretos,
FACULDADE DE SÃO VICENTE (FSV),FSV,Avenida Capitão Mor Aguiar - 798 Centro,São Vicente,
Faculdade de Tecnologia de Barueri (Fatec Barueri),Fatec Barueri,Avenida Carlos Capriotti - 123 Centro,Barueri,
Faculdade Thiago Ferreira (FAT),FAT,Avenida Conde de Áurea Gonzales - 245 Vila Áurea (Vicente de Carvalho),Guarujá,
FACULDADE UBS (FACULDADE UBS),FACULDADE UBS,Avenida Conde de Frontin - 1154 Chácara Califórnia,São Paulo,
Faculdade Villas Boas (FVB),FVB,Avenida Conde de Frontin - 1154 Penha,São Paulo,
Faculdade de Tecnologia de Campinas (FATEC CAMPINAS),FATEC CAMPINAS,Avenida Cônego Antônio Rocato - KM 3.5 Chácaras Campos dos Amarais,Campinas,
UNIVERSIDADE CATÓLICA DE SANTOS (UNISANTOS),UNISANTOS,Avenida Conselheiro Nébias - 300 Vila Mathias,Santos,
UNIVERSIDADE METROPOLITANA DE SANTOS (UNIMES),UNIMES,Avenida Conselheiro Nébias - 536 Encruzilhada,Santos,
FACULDADE ISMD (ISMD),ISMD,Avenida Conselheiro Rodrigues Alves - 213 Vila Mariana,São Paulo,
FACULDADE DE FILOSOFIA CIÊNCIAS E LETRAS CARLOS QUEIROZ (FAFIQUE),FAFIQUE,AVENIDA CORONEL CLEMENTINO GONÇALVES - 1561 VILA SAO JUDAS TADEU,Santa Cruz do Rio Pardo,
FACULDADES INTEGRADAS URUBUPUNGÁ (FIU),FIU,Avenida Coronel Jonas Alves de Mello - 1.660 Centro,Pereira Barreto,
UNIVERSIDADE DE RIBEIRÃO PRETO (UNAERP),UNAERP,Avenida Costábile Romano - 2201 Ribeirânia,Ribeirão Preto,
Faculdade Católica Paulista (FACAP),FACAP,Avenida Cristo Rei - 270-305 Banzato,Marília,
CENTRO UNIVERSITÁRIO ÁLVARES PENTEADO (FECAP),FECAP,Avenida da Liberdade - 532 Liberdade,São Paulo,
FACULDADE SÃO LUCAS DE CAÇAPAVA (FSL),FSL,Avenida da Saudade - 26 Jardim Campo Grande,Caçapava,
FACULDADE UNIÃO CULTURAL DO ESTADO DE SÃO PAULO (UCESP),UCESP,Avenida da Saudade - 757 Vila Estádio,Araçatuba,
FACULDADE PERUIBE (FPBE),FPBE,Avenida Darcy Fonseca - 530 Jardim dos Prados,Peruíbe,
CENTRO UNIVERSITÁRIO SALESIANO DE SÃO PAULO (UNISAL),UNISAL,Avenida de Cillo - 3.500 Parque Novo Mundo,Americana,
FACULDADE NOVE DE JULHO DE SÃO BERNARDO DO CAMPO (NOVE-SBC),NOVE-SBC,Avenida Dom Jaime de Barros Câmara - 90 Planalto,São Bernardo do Campo,
INSTITUTO TAUBATÉ DE ENSINO SUPERIOR (I.T.E.S.),I.T.E.S.,Avenida Dom Pedro I - 3.575 Jardim Eulália,Taubaté,
FACULDADE SÃO LEOPOLDO MANDIC DE ARARAS (SLMANDIC-ARARAS),SLMANDIC-ARARAS,Avenida Dona Renata - 71 Centro,Araras,
FACULDADE DE ENGENHARIA E AGRIMENSURA DE PIRASSUNUNGA - FEAP (FEAP),FEAP,Avenida dos Acadêmicos - 01 Posto de Monta,Pirassununga,
FUNDAÇÃO UNIVERSIDADE FEDERAL DO ABC (UFABC),UFABC,Avenida dos Estados - 5001 Santa Teresinha,Santo André,
FACULDADE ANHANGÜERA DE SOROCABA (FSO),FSO,Avenida Doutor Armando Pannunzio - 1478 Jardim Vera Cruz,Sorocaba,
UNIVERSIDADE DE FRANCA (UNIFRAN),UNIFRAN,Avenida Doutor Armando Sales Oliveira - 201 Parque Universitário,Franca,
UNIVERSIDADE DE MOGI DAS CRUZES (UMC),UMC,Avenida Doutor Cândido Xavier de Almeida Souza - 200 Centro Cívico,Mogi das Cruzes,
Faculdade Wyden São Paulo (Wyden SP),Wyden SP,Avenida Doutor Cardoso de Melo - 90 Vila Olímpia,São Paulo,
ESCOLA DE EDUCAÇÃO FÍSICA DE ASSIS (EEFA),EEFA,Avenida Doutor Dória - 260 Vila Oouro Verde,Assis,
FACULDADE DE ADMINISTRAÇÃO DE ASSIS (FAA),FAA,Avenida Doutor Dória - 260 Vila Ouro Verde,Assis,
FACULDADE DE CIÊNCIAS CONTÁBEIS DE ASSIS (FCCA),FCCA,Avenida Doutor Dória - 260 Vila Ouro Verde,Assis,
FACULDADE DE TECNOLOGIA DE TAQUARITINGA (FATEC/TQ),FATEC/TQ,Avenida Doutor Flávio Henrique Lemos - 585 PORTAL ITAMARACÁ,Taquaritinga,
FACULDADE DE TECNOLOGIA BSG-U (FBSG-U),FBSG-U,Avenida Doutor Manoel Afonso Ferreira - 245 Jardim Paraíso,Campinas,
CENTRO UNIVERSITÁRIO DA FUNDAÇÃO HERMINIO OMETTO (FHO),FHO,Avenida Doutor Maximiliano Baruto - 500 Jardim Universitário,Araras,
CENTRO UNIVERSITÁRIO TERESA D'ÁVILA (FATEA),FATEA,Avenida Doutor Peixoto de Castro - 539 Cruz,Lorena,
FACULDADE PROGRESSO (FAP),FAP,Avenida Doutor Timóteo Penteado - 4383 Vila Galvão,Guarulhos,
UNIVERSIDADE CRUZEIRO DO SUL (UNICSUL),UNICSUL,Avenida Doutor Ussiel Cirilo - 225 São Miguel,São Paulo,
CENTRO UNIVERSITÁRIO PADRE ANCHIETA (UNIANCHIETA),UNIANCHIETA,Avenida Dr. Adoniro Ladeira - 94 Vila Jundiainopolis,Jundiaí,
INSTITUTO UVB.BR (IUVB),IUVB,Avenida Dr. Cardoso de Melo - 1.666 Vila Olímpia,São Paulo,
FACULDADE DE EDUCAÇÃO DE ASSIS (FAEDA),FAEDA,Avenida Dr. Dória - 260 Vila Ouro Verde,Assis,
FACULDADE DE IBITINGA (FAIB),FAIB,Avenida Dr. Victor Maida - 1055 Centro,Ibitinga,
FACULDADE ITANHAÉM (FAITA),FAITA,Avenida Embaixador Pedro de Toledo - 196 Centro,Itanhaém,
Faculdade Humboldt (FH),FH,Avenida Engenheiro Alberto Kuhlmann - 525 Jardim Ipanema (Zona Sul),São Paulo,
FACULDADE DE ADMINISTRAÇÃO E ARTES DE LIMEIRA (FAAL),FAAL,Avenida Engenheiro Antonio Eugênio Lucato - 2515 Vila Camargo,Limeira,
FACULDADE DE TECNOLOGIA DE SOROCABA (FATEC SO),FATEC SO,AVENIDA ENGENHEIRO CARLOS REINALDO MENDES - 2.015 ALTO DA BOA VISTA,Sorocaba,
CENTRO DE EDUCAÇÃO TECNOLÓGICO DA FUNDAÇÃO INDAIATUBANA DE EDUCAÇÃO E CULTURA (FIEC),FIEC,Avenida Engenheiro Fábio Roberto Barnabé - Jardim Regina,Indaiatuba,
CENTRO UNIVERSITÁRIO DE ARARAS - (UNAR),UNAR,Avenida Ernani Lacerda de Oliveira - 100 Parque Santa Cândida,Araras,
FACULDADE ANHANGUERA DE SUMARÉ (FACSUMARÉ),FACSUMARÉ,Avenida Eugênio Biancalana Duarte - 501 Jardim Primavera,Sumaré,
Faculdade de Tecnologia de Jacareí (FATEC Jacareí),FATEC Jacareí,Avenida Faria Lima - 155 Jardim Santa Maria,Jacareí,
FACULDADE DEHONIANA (DEHONIANA),DEHONIANA,Avenida Francisco Barreto Leme - 550 Vila São Geraldo,Taubaté,
CENTRO UNIVERSITÁRIO DE JALES (UNIJALES),UNIJALES,Avenida Francisco Jales - 1851 Loteamento Avenida,Jales,
Faculdade de Tecnologia de Carapicuiba (FATEC),FATEC,Avenida Francisco Pignatari - 650 Vila Gustavo Correia,Carapicuíba,
FACULDADE DE CIÊNCIAS E LETRAS DE BRAGANÇA PAULISTA (FESB),FESB,Avenida Francisco Samuel Lucche Filho - 770 Penha,Bragança Paulista,
ESCOLA SUPERIOR DE TECNOLOGIA E EDUCAÇÃO DE PORTO FERREIRA (ESPF),ESPF,Avenida General Álvaro de Góes - s/n Centro,Porto Ferreira,
UNIVERSIDADE MUNICIPAL DE SÃO CAETANO DO SUL (USCS),USCS,Avenida Goiás - 3400 Barcelona,São Caetano do Sul,
FACULDADE DE TECNOLOGIA DE BARRETOS (FATEB),FATEB,Avenida Gonçalves - 02200 Flosi,Barretos,
FACULDADE DE GUARULHOS (FAG),FAG,Avenida Guarulhos - 1844 Vila Augusta,Guarulhos,
CENTRO REGIONAL UNIVERSITÁRIO DE ESPÍRITO SANTO DO PINHAL (UNIPINHAL),UNIPINHAL,Avenida Hélio Vergueiro Leite - s/n Jardim Universitário,Espírito Santo do Pinhal,
UNIVERSIDADE DE MARÍLIA (UNIMAR),UNIMAR,Avenida Higyno Muzzi Filho - 1.001 Campus Universitario,Marília,
CENTRO UNIVERSITÁRIO EURÍPEDES DE MARÍLIA (UNIVEM),UNIVEM,Avenida Higyno Muzzy Filho - 529 Campus Universitário,Marília,
CENTRO UNIVERSITÁRIO DA FUNDAÇÃO EDUCACIONAL INACIANA PE SABÓIA DE MEDEIROS (FEI),FEI,Avenida Humberto Alencar Castelo Branco - 3972 Assunção,São Bernardo do Campo,
Faculdade do Educador (FEDUC),FEDUC,Avenida Ibirapuera - 2657 Indianópolis,São Paulo,
FACULDADE TECNOLÓGICA SANTANNA (FACSANTANNA),FACSANTANNA,AVENIDA INDEPENDENCIA - 5656 AQUARIOS,Vinhedo,
UNIVERSIDADE IBIRAPUERA (UNIB),UNIB,Avenida Interlagos - 1.329 Jardim Marajoara,São Paulo,
FACULDADE MÉTODO DE SÃO PAULO (FAMESP),FAMESP,Avenida Jabaquara - 1.314 Mirandópolis,São Paulo,
CENTRO UNIVERSITÁRIO SANTA RITA (UNISANTARITA),UNISANTARITA,Avenida Jaçanã - 648 Jaçanã,São Paulo,
FACULDADE INTERLAGOS DE EDUCAÇÃO E CULTURA (FINTEC),FINTEC,Avenida Jangadeiro - 111 e 445 Interlagos,São Paulo,
CENTRO UNIVERSITÁRIO ÍTALO-BRASILEIRO (UNIÍTALO),UNIÍTALO,Avenida João Dias - 2046 Santo Amaro,São Paulo,
Instituto Friburgo de Ensino Superior (IFES),IFES,Avenida João Dias - 242 Santo Amaro,São Paulo,
FACULDADE DE JOSÉ BONIFÁCIO (FJB),FJB,Avenida Joaquim Moreira da Silva - 3.200 São José,José Bonifácio,
FACULDADE DE TECNOLOGIA DE BOTUCATU (FATEC BT),FATEC BT,Avenida José Ítalo Bachi - s/n Jardim Aeroporto,Botucatu,
Faculdade de Tecnologia Senai Mario Amato (SENAI),SENAI,Avenida José Odorizzi - 1555 Assunção,São Bernardo do Campo,
FACULDADE UNITÀ (UNITÀ),UNITÀ,Avenida Júlio de Mesquita - 840 Cambuí,Campinas,
FACULDADE ESCOLA PAULISTA DE DIREITO (FACEPD),FACEPD,Avenida Liberdade - 956 Liberdade,São Paulo,
FACULDADE DE INFORMÁTICA E ADMINISTRAÇÃO PAULISTA (FIAP),FIAP,Avenida Lins de Vasconcelos - 1264 Cambuci,São Paulo,
FACULDADE DE CIÊNCIAS DA SAÚDE DE BARRETOS DR. PAULO PRATA (FCSB),FCSB,Avenida Loja Maçônica Renovadora 68 - 100 Nova América,Barretos,
FACULDADE INTERAÇÃO AMERICANA (FIA),FIA,Avenida Lucas Nogueira Garcez - Centro,São Bernardo do Campo,
FACULDADE SÃO BERNARDO DE TECNOLOGIA (SBTEC),SBTEC,Avenida Lucas Nogueira Garcez - 452 Centro,São Bernardo do Campo,
Faculdade de Tecnologia de Diadema Luigi Papaiz (FATEC DIADEMA),FATEC DIADEMA,Avenida Luiz Merenda - 503 Campanário,Diadema,
FACULDADE ESTÁCIO DE SÁ DE OURINHOS (FAESO),FAESO,Avenida Luiz Saldanha Rodrigues - s/n Nova Ourinhos,Ourinhos,
FACULDADE DE DIREITO DE FRANCA (FDF),FDF,Avenida Major Nicácio - 2377 SÃO JOSÉ,Franca,
CENTRO UNIVERSITÁRIO MUNICIPAL DE FRANCA (UNI-FACEF),UNI-FACEF,Avenida Major Nicácio - 2433 SÃO JOSÉ,Franca,
CENTRO UNIVERSITÁRIO DE SANTA FÉ DO SUL (UNIFUNEC),UNIFUNEC,Avenida Mangará - 477 JARDIM MANGARÁ,Santa Fé do Sul,
FACULDADE BERTIOGA (FABE),FABE,Avenida Manoel da Nóbrega - 966 Jardim Lido,Bertioga,
FACULDADE DO INSTITUTO NACIONAL DE PÓS-GRADUAÇÃO DE CAMPINAS (FAC. INPG - CAMPINAS),FAC. INPG - CAMPINAS,Avenida Manuel Afonso Ferreira - 245 Jardim Paraiso,Campinas,
Faculdade Galileu (FG),FG,Avenida Marginal 200 - 680 Vila Real,Botucatu,
FACULDADE DE AGUDOS (FAAG),FAAG,Avenida Marginal Vereador Delfino Tendolo - D 1200 Distrito Industrial,Agudos,
Faculdade de Tecnologia de Itaquera (FATEC ITAQUERA),FATEC ITAQUERA,Avenida Miguel Ignácio Curi - s/n Vila Carmosina,São Paulo,
ESCOLA DE ENGENHARIA DE PIRACICABA (EEP/FUMEP),EEP/FUMEP,Avenida Monsenhor Martinho Salgot - 560 Areião,Piracicaba,
FACULDADE DE MEDICINA DE MARÍLIA (FAMEMA),FAMEMA,Avenida Monte Carmelo - 800 FRAGATA C,Marília,
FACULDADE DE EDUCAÇÃO E CULTURA MONTESSORI (FAMEC),FAMEC,Avenida Morumbi - 8700 Brooklin,São Paulo,1478
FACULDADE DO INTERIOR PAULISTA (FIP),FIP,Avenida Narcisa Chesini Ometto - 3.555 Portal da Barra,Barra Bonita,1784
CENTRO UNIVERSITÁRIO SÃO CAMILO (SAO CAMILO),SAO CAMILO,Avenida Nazaré - 1.501 Ipiranga,São Paulo,4652
CENTRO UNIVERSITÁRIO DE LINS (UNILINS),UNILINS,Avenida Nicolau Zarvos - 1925 Jardim Aeroporto,Lins,21238
FACULDADE MAGISTER (MAGISTER),MAGISTER,Avenida Nossa Senhora do Sabará - 1300 Santo Amaro,São Paulo,1456
Faculdade Afonso Schmidt (FAS),FAS,Avenida Nove de Abril - 3400 ila Nova,Cubatão,4655
Faculdade Jaguar Indaiá (FJI),FJI,Avenida Nove de Dezembro - 460 Jardim Pedroso,Indaiatuba,11308
CENTRO UNIVERSITÁRIO MAX PLANCK (UniMAX),UniMAX,Avenida Nove de Dezembro - 460 Jardim Pedroso,Indaiatuba,1499
Escola de Direito de São Paulo - FGV DIREITO SP (FGV DIREITO SP),FGV DIREITO SP,Avenida Nove de Julho - 2029 Bela Vista,São Paulo,4141
FACULDADE DE ENGENHARIA SÃO PAULO (FESP),FESP,Avenida Nove de Julho - 5520 Jardim Europa,São Paulo,1776
TREVISAN ESCOLA SUPERIOR DE NEGÓCIOS (TREVISAN),TREVISAN,Avenida Padre Antônio José dos Santos - 1530 Cidade Monções,São Paulo,3612
FACULDADE MOGIANA DO ESTADO DE SÃO PAULO (FAMOESP),FAMOESP,Avenida Padre Jaime - 2600 Centro,Mogi Guaçu,21693
"FATECE - FACULDADE DE TECNOLOGIA, CIÊNCIAS E EDUCAÇÃO (FATECE)",FATECE,Avenida Painguás - 225/243 Jardim Urupês,Pirassununga,1502
Faculdade Paulista de Serviço Social de São Caetano do Sul (FAPSS),FAPSS,Avenida Paraíso - 600 Vila Gerti,São Caetano do Sul,11750
Faculdade de Botucatu (FDB),FDB,Avenida Paula Vieira - 542 Vila Jahu,Botucatu,461
Faculdade Paulista de Comunicação (FEPAC),FEPAC,Avenida Paulista - 2.200 Cerqueira César,São Paulo,1756
ESCOLA SUPERIOR NACIONAL DE SEGUROS DE SÃO PAULO (ESNS-SP),ESNS-SP,Avenida Paulista - 2.421 Cerqueira Cesar,São Paulo,1752
Faculdade Álvares de Azevedo (FAATESP),FAATESP,Avenida Paulista - 302/306 Bela Vista,São Paulo,2891
FACULDADE QUALITTAS (QUALITTAS),QUALITTAS,Avenida Paulista - 302/306 Bela Vista,São Paulo,2971
FGV / Escola de Relações Internacionais (FGV/RI),FGV/RI,Avenida Paulista - 548 Bela Vista,São Paulo,1432
FACULDADE CÁSPER LÍBERO (FCL),FCL,Avenida Paulista - 900 Bela Vista,São Paulo,15922
FACULDADE DE ADMINISTRAÇÃO CIÊNCIAS ECON E CONTÁBEIS DE GUARATINGUETÁ (FACEAG),FACEAG,Avenida Pedro de Toledo - 195 Vila Paraíba,Guaratinguetá,4771
FACULDADE DE EDUCAÇÃO DE GUARATINGUETÁ (FACEG),FACEG,AVENIDA PEDRO DE TOLEDO - 195 VILA PARAÍBA,Guaratinguetá,1933
FACULDADE DE TECNOLOGIA DE SÃO BERNARDO DO CAMPO (FATEC-SB),FATEC-SB,Avenida Pereira Barreto - 400 Vila Baeta Neves,São Bernardo do Campo,4772
Faculdade de Tecnologia de Capão Bonito (FATEC-CB),FATEC-CB,Avenida Péricles de Freitas - 296 Terras do Imbiruçu,Capão Bonito,3749
FACULDADE EDUVALE DE AVARÉ (EDUVALE),EDUVALE,Avenida Pref. Misael Euphrasio Leal - 347 Jardim América,Avaré,1048
FACULDADE TECNOLOGIA EDUVALE - AVARÉ (FATEC EDUVALE),FATEC EDUVALE,Avenida Prefeito Misael Euphrasio Leal - 347 Jardim América,Avaré,21344
Faculdade Metropolitana do Estado de São Paulo (FAMEESP),FAMEESP,Avenida Presidente Kennedy - 1693 - 1677 Parque Industrial Lagoinha,Ribeirão Preto,13527
FACULDADE DE TECNOLOGIA PORTO SUL (FAPS),FAPS,Avenida Presidente Kennedy - 4000 AVIACAO,Praia Grande,17854
FACULDADE PRAIA GRANDE (FPG),FPG,Avenida Presidente Kennedy - 4000 Aviação,Praia Grande,19966
FACULDADE DE PRESIDENTE PRUDENTE (FAPEPE),FAPEPE,Avenida Presidente Prudente - 6093 Jardim Aeroporto,Presidente Prudente,13538
FACULDADE DE TECNOLOGIA DE SÃO VICENTE (FATEF),FATEF,Avenida Presidente Wilson - 1013 Gonzaguinha,São Vicente,1373
Faculdade de Tecnologia de Araçatuba (FATEC Araçatuba),FATEC Araçatuba,Avenida Prestes Maia - 1764 Ipanema,Araçatuba,200
FACULDADE DA CONSTRUÇÃO E DO TRABALHO (FACT),FACT,Avenida Prestes Maia - 241 Conj.4308 Centro,São Paulo,15521
CENTRO UNIVERSITÁRIO FUNDAÇÃO SANTO ANDRÉ (CUFSA),CUFSA,Avenida Príncipe de Gales - 821 -,Santo André,15859
Centro Universitário Saúde ABC (CUSABC),CUSABC,Avenida Príncipe de Gales - 821 Príncipe de Gales,Santo André,18072
Centro Universitário Sudoeste Paulista (UniFSP),UniFSP,Avenida Prof. Celso Ferreira da Silva - 1001 Jardim Europa,Avaré,625
FACULDADE PROF. WLADEMIR DOS SANTOS (WLASAN),WLASAN,Avenida Professor Arthur Fonseca - 633 Jardim Emília,Sorocaba,4681
Faculdade Israelita de Ciências da Saúde Albert Einstein (FICSAE),FICSAE,Avenida Professor Francisco Morato - 4293 Butantã,São Paulo,3533
FACULDADE ALVES FARIA (ALFA),ALFA,Avenida Professor Francisco Morato - 5.000 Vila Sônia,São Paulo,22028
FACULDADE DE TECNOLOGIA DE GUARATINGUETÁ (FATEC GT),FATEC GT,Avenida Professor João Rodrigues Alckimin - 1501 Jardim Esperança,Guaratinguetá,2039
CENTRO UNIVERSITÁRIO DA FUNDAÇÃO EDUCACIONAL DE BARRETOS (UNIFEB),UNIFEB,Avenida Professor Roberto Frade Monte - 389 Aeroporto,Barretos,2332
FACULDADE DE EDUCAÇÃO E TECNOLOGIA DE ARARAQUARA (FETEC - ARARAQUARA),FETEC - ARARAQUARA,Avenida Queiroz Filho - 1599 Vila Harmonia,Araraquara,16864
FACULDADE CAPITAL FEDERAL DE ITAPECERICA DA SERRA (FECAF),FECAF,Avenida Quinze de Novembro - 1133 Centro,Itapecerica da Serra,2056
Faculdade de Tecnologia e Ciências (FTC São Paulo ),FTC São Paulo,Avenida Rangel Pestana - 1105 Brás,São Paulo,18620
CENTRO UNIVERSITÁRIO SÃO JUDAS TADEU (CSJT),CSJT,Avenida Rangel Pestana - 99 Vila Mathias,Santos,845
FACULDADE DOM RICARDO (FDR),FDR,Avenida Salgado Filho - 3025 Centro,Guarulhos,492
FACULDADE DE TEOLOGIA UMBANDISTA (F.T.U.),F.T.U.,Avenida Santa Catarina - 400/414 Vila Alexandria,São Paulo,3177
FACULDADE DE HORTOLÂNDIA (FACH),FACH,Avenida Santana - 1070 Jardim Amanda I,Hortolândia,723
CENTRO UNIVERSITÁRIO DAS FACULDADES METROPOLITANAS UNIDAS (FMU),FMU,Avenida Santo Amaro - 1239 Vila Nova Conceição,São Paulo,1438
FACULDADE ZUMBI DOS PALMARES (FAZP),FAZP,Avenida Santos Dumont - 843 Ponte Pequena,São Paulo,1497
UNIVERSIDADE SÃO FRANCISCO (USF),USF,Avenida São Francisco de Assis - 218 Jardim São José,Bragança Paulista,1788
FACULDADE CATÓLICA DE SÃO JOSÉ DOS CAMPOS (CATÓLICA-SJC),CATÓLICA-SJC,Avenida São João - 2650 Jardim das Colinas,São José dos Campos,20465
CONSERVATÓRIO DRAMÁTICO MUSICAL SÃO PAULO (CDMSP),CDMSP,Avenida São João - 269 Centro,São Paulo,1834
FACULDADE DE MIRANDÓPOLIS (FAM),FAM,Avenida São Paulo - 965 Nogara,Mirandópolis,1310
FACULDADES INTEGRADAS DE FERNANDÓPOLIS (FIFE),FIFE,Avenida Teotônio Vilela - s/n Campus Universitário,Fernandópolis,3209
FACULDADE DE DIREITO DE ITÚ (FADITU),FADITU,Avenida Tiradentes - 1.817 Parque Industrial,Itu,3436
Faculdade de Tecnologia Dom Amaury Castanho (Fatec Itu),Fatec Itu,Avenida Tiradentes - 1211 Jardim das Indústrias,Itu,2102
INSTITUTO MATONENSE MUNICIPAL DE ENSINO SUPERIOR (IMMES),IMMES,Avenida Tiradentes - 629 Centro,Matão,650
FACULDADE DE EDUCAÇÃO DE MATÃO (FACEM),FACEM,Avenida Toledo Malta - 356 Centro,Matão,1463
Faculdade de Tecnologia de Taubaté (FATEC TAUBATÉ),FATEC TAUBATÉ,Avenida Tomé Portes Del Rei - 525 Vila São José,Taubaté,372
UNIVERSIDADE PAULISTA (UNIP),UNIP,Avenida Torres de Oliveira - 330 Jaguaré,São Paulo,1545
FACULDADE BARÃO DE PIRATININGA (AES),AES,Avenida Três de Maio - 127 Centro,São Roque,17593
FACULDADE DE TECNOLOGIA DE JUNDIAÍ (FATEC/JD),FATEC/JD,Avenida União dos Ferroviários - 1760 Centro,Jundiaí,2879
FACULDADE DE SÃO ROQUE (FAEV),FAEV,Avenida Varangüera - 623 Guaçu,São Roque,1623
FACULDADE CAPITAL FEDERAL (FECAF),FECAF,Avenida Vida Nova - 166 Jardim Maria Rosa,Taboão da Serra,1212
FACULDADES INTEGRADAS SOARES DE OLIVEIRA (FISO),FISO,Avenida Vinte e Nove - 783 Centro,Barretos,543
FACULDADE DE TECNOLOGIA DE OURINHOS (FATEC),FATEC,Avenida Vitalina Marcusso - 1400 Campus Universitário,Ourinhos,14892
FACULDADE XV DE AGOSTO (FAQ),FAQ,Avenida Xv de Agosto - 1210 Centro,Socorro,1192
INSTITUTO MUNICIPAL DE ENSINO SUPERIOR DE SÃO MANUEL (IMESSM),IMESSM,Caixa Postal 126 - Quintino Bocaiuva - S/N APARECIDA DE SÃO MANUEL,São Manuel,21764
UNIVERSIDADE ESTADUAL DE CAMPINAS (UNICAMP),UNICAMP,Cidade Universitária - S/N BARÃO GERALDO,Campinas,1439
FACULDADE DE ENSINO SUPERIOR E FORMAÇÃO INTEGRAL (FAEF),FAEF,Comandante João Ribeiro de Barros - s/n Acesso a Garça km 1,Garça,495
Centro de Instrução de Aviação do Exército (CIAvEx),CIAvEx,Complexo de Aviação do Exército - CAVEX - 2.135 ranjas Rurais Reunidas São Judas Tadeu,Taubaté,843
FACULDADE MUNICIPAL PROFESSOR FRANCO MONTORO DE MOGI GUAÇU (FMPFM),FMPFM,Estrada da Cachoeira de Cima - s/n Centro,Mogi Guaçu,18066
FACULDADE NAZARENA DO BRASIL (FNB),FNB,"Estrada da Rhodia, Km 15 - s/n Distrito Barão Geraldo",Campinas,1464
FACULDADE DE TECNOLOGIA TERMOMECÂNICA (FTT),FTT,Estrada dos Alvarengas - 4001 Alvarenga,São Bernardo do Campo,4059
Faculdade Latino-americana (FLAM),FLAM,Estrada dos Fernandes - 2680 Mirante do Arujá,Arujá,1108
FACULDADE DE ITAPECERICA DA SERRA (FIT),FIT,Estrada dos Maciéis - 210 Embu Mirim,Itapecerica da Serra,1144
FACULDADE DE BARUERI (FCGB),FCGB,Estrada Dr. Cícero Borges de Moraes - 100 Jardim Regina Alice,Barueri,1628
FACULDADE DE TECNOLOGIA PROFESSOR ANTÔNIO SEABRA (FATEC LINS),FATEC LINS,Estrada Mário Covas Júnior - S/N Zona Rural,Lins,4724
Faculdade de Agronegócios de Holambra (FAAGROH),FAAGROH,"Estrada Municipal HBR 155, Lote 24 Seção K - S/N Palmeira",Holambra,831
Centro Universitário UNIFAAT (UNIFAAT),UNIFAAT,Estrada Municipal Juca Sanches - 1050 Jardim Brogotá,Atibaia,22228
FACULDADE DE CIÊNCIAS ECONÔMICAS (FACAMP),FACAMP,"Estrada Municipal Unicamp, Telebrás, Km 1 - s/n Barão Geraldo",Campinas,22149
FACULDADE DE ADMINISTRAÇÃO DE EMPRESAS (FACAMP),FACAMP,"Estrada Municipal Unicamp/Telebrás, Km 1 - s/n Barão Geraldo",Campinas,22229
FACULDADE MARIO SCHENBERG (FMS),FMS,Estrada Municipal Walter Steurer - 1.413 Granja Viana,Cotia,22169
Faculdade de Tecnologia de Santana de Parnaíba (FATEC-SPB),FATEC-SPB,Estrada Tenente Marques - s/n Jardim do Luar (Fazendinha),Santana de Parnaíba,22170
FACULDADE DE TAQUARITINGA (FTGA),FTGA,Fazenda Contendas - s/n Zona Rural,Taquaritinga,22190
Faculdade Itaquá (UNEITAQUÁ),UNEITAQUÁ,Italo Adami - 1450 Vila Seferina,Itaquaquecetuba,22143
FACULDADE DE SÃO BENTO (FSB),FSB,Largo de São Bento - S/N Centro,São Paulo,415
CENTRO UNIVERSITÁRIO DAS FACULDADES ASSOCIADAS DE ENSINO - FAE (UNIFAE),UNIFAE,Largo Engenheiro Paulo de Almeida Sandeville - 15 JARDIM SANTO ANDRÉ,São João da Boa Vista,17887
FACULDADE DE TECNOLOGIA DE PRAIA GRANDE (FATECPG),FATECPG,Praça 19 de Janeiro - 144 Boqueirão,Praia Grande,1281
CENTRO UNIVERSITÁRIO NOSSA SENHORA DO PATROCÍNIO (CEUNSP),CEUNSP,Praça Antônio Vieira Tavares - 73 Centro,Salto,1476
FACULDADE SANTA CECÍLIA (FASC),FASC,Praça Barão do Rio Branco - 59 Centro,Pindamonhangaba,4889
FACULDADE DE TECNOLOGIA DE SÃO PAULO (FATEC-SP),FATEC-SP,Praça Coronel Fernando Prestes - 30 BOM RETIRO,São Paulo,59
INSTITUTO TAQUARITINGUENSE DE ENSINO SUPERIOR DR. ARISTIDES DE CARVALHO SCHLOBACH (ITES),ITES,Praça Doutor Horacio Ramalho - 159 Centro,Taquaritinga,440
FACULDADE DE ADMINISTRAÇÃO DE SANTA CRUZ DO RIO PARDO (FASC),FASC,Praça Dr. Pedro César Sampaio - 31 Centro,Santa Cruz do Rio Pardo,58
INSTITUTO TECNOLÓGICO DE AERONÁUTICA (ITA),ITA,Praça Mal. Eduardo Gomes - 50 Vila das Acácias,São José dos Campos,276
CENTRO UNIVERSITÁRIO DO INSTITUTO MAUÁ DE TECNOLOGIA (CEUN-IMT),CEUN-IMT,Praça Mauá - 1 Mauá,São Caetano do Sul,17839
FACULDADE DE TECNOLOGIA FINACI (FINACI),FINACI,Praça Pedro Lessa - 41 Centro,São Paulo,219
FACULDADES INTEGRADAS REGIONAIS DE AVARÉ (FIRA),FIRA,Praça Prefeito Romeu Bretas - 163 CENTRO,Avaré,721
CENTRO UNIVERSITÁRIO ANTÔNIO EUFRÁSIO DE TOLEDO DE PRESIDENTE PRUDENTE - TOLEDO PRUDENTE (TOLEDO PRUDENTE),TOLEDO PRUDENTE,Praça Raul Furquim - 09 Vila Furquim,Presidente Prudente,493
Universidade Universus Veritas Guarulhos (Univeritas UNG),Univeritas UNG,Praça Tereza Cristina - 88 Centro,Guarulhos,18698
Fundação Universidade Virtual do Estado de São Paulo (UNIVESP),UNIVESP,"R Bela Cintra, Edifício Adélia Saliba - 847 Consolação",São Paulo,1099
Faculdade do Centro Oeste Paulista (FACOP),FACOP,R. Luiz Gimenez Macegoze - 72 Distrito Industrial,Piratininga,986
FACULDADE DE TECNOLOGIA DO ISTITUTO EUROPEO DI DESIGN (IED SP),IED SP,R. MARANHÃO - 617 HIGIENÓPOLIS,São Paulo,17355
FACULDADE DE TECNOLOGIA DE TATUÍ - PROF. WILSON ROBERTO RIBEIRO DE CAMARGO (FATEC TATUÍ),FATEC TATUÍ,ROD. MARIO BATISTA MORI - 971 JD AEROPORTO,Tatuí,18255
Faculdade de Tecnologia de Pindamonhangaba (FATEC PI),FATEC PI,Rodovia Abel Fabrício Dias - 4010 Água Preta,Pindamonhangaba,17899
CENTRO UNIVERSITÁRIO DAS FACULDADES INTEGRADAS DE OURINHOS (Unifio),Unifio,"Rodovia BR-153, Km 399 + 420 m - s/n Água do Cateto",Ourinhos,1295
INSTITUTO SUPERIOR DE CIÊNCIAS APLICADAS - ISCA (ISCA),ISCA,Rodovia Deputado Laércio Corte - 3000 Chácara Vista da Graminha,Limeira,368
UNIVERSIDADE METODISTA DE PIRACICABA (UNIMEP),UNIMEP,Rodovia do Açúcar - s/n Taquaral,Piracicaba,131
FACULDADE REGES DE DRACENA (FCGD),FCGD,Rodovia Engenheiro Byron Azevedo Nogueira - S/N Vila Lobos,Dracena,17608
FACULDADE DE CIÊNCIAS SOCIAIS E AGRÁRIAS DE ITAPEVA (FAIT),FAIT,Rodovia Francisco Alves Negrão (SP 258) - Km 285 Pilão d'Água,Itapeva,517
FACULDADE DOUTOR FRANCISCO MAEDA (FAFRAM),FAFRAM,Rodovia Jerônimo Nunes Macêdo Km 01 - s/n Aeroporto,Ituverava,255
FACULDADE ORÍGENES LESSA (FACOL),FACOL,Rodovia Osni Mateus - S/N São Judas Tadeu,Lençóis Paulista,21654
INSTITUTO SUPERIOR DE EDUCAÇÃO ORÍGENES LESSA (ISEOL),ISEOL,Rodovia Osny Matheus - s/n São Judas Tadeu,Lençóis Paulista,637
FACULDADE DE FILOSOFIA E TEOLOGIA PAULO VI (FFTP),FFTP,Rodovia Pedro Eroles - S/N Itapety,Mogi das Cruzes,21485
FACULDADE DE ROSEIRA (FARO),FARO,Rodovia Presidente Dutra - Km 77 - s/n Roseira Velha,Roseira,4000
FACULDADES INTEGRADAS RIO BRANCO GRANJA VIANNA (FRB-GV),FRB-GV,Rodovia Raposo Tavares - 7200 Granja Viana,Cotia,1307
UNIVERSIDADE DE SOROCABA (UNISO),UNISO,Rodovia Raposo Tavares - S/N Jardim Novo Eldorado,Sorocaba,17926
FACULDADES INTEGRADAS DE ITAPETININGA (FII),FII,Rodovia Raposo Tavares KM 162 - S/N Nova Itapetininga,Itapetininga,3940
FACULDADE ANHANGUERA DE TABOÃO DA SERRA (FATS),FATS,Rodovia Regis Bittencourt - 199 Centro,Taboão da Serra,624
CENTRO UNIVERSITÁRIO FACENS (UniFACENS),UniFACENS,"Rodovia Senador José Ermírio de Moraes, Km 1,5 - 1425 Alto da Boa Vista",Sorocaba,1875
FACULDADE DE BOITUVA (FIB),FIB,Rodovia Sp 129 - Km 14 Campo de Boituva,Boituva,438
Centro Universitário de Itapira Uniesi (UNIESI),UNIESI,"Rodovia SP 147, KM 40,7 - 1381 Bairro dos Prados",Itapira,68
FACULDADE CASA BRANCA (FACAB),FACAB,Rodovia Sp 340 - Km 240 - s/n Rodovia,Casa Branca,74
CENTRO UNIVERSITÁRIO AMPARENSE (UNIFIA),UNIFIA,"Rodovia Sp 95, Km 46,5 - s/n Martírio",Amparo,2389
FACULDADE DE RIO CLARO (CBTA),CBTA,Rodovia Washington Luiz - Km 171 Chácara Lusa,Rio Claro,1724
INSTITUTO SUPERIOR DE EDUCAÇÃO DE BARRETOS (ISEB),ISEB,Rua 06 - 963 Centro,Barretos,2530
FACULDADE DE MARÍLIA (FAMAR),FAMAR,Rua 24 de Dezembro - 1251 Centro,Marília,1857
FACULDADE METODISTA DE CIÊNCIAS HUMANAS E EXATAS (METODISTA),METODISTA,Rua 9 de Julho - 175 Centro,Birigui,886
CENTRO UNIVERSITÁRIO ESTÁCIO DE RIBEIRÃO PRETO (ESTÁCIO RIBEIRÃO PRE),ESTÁCIO RIBEIRÃO PRE,"Rua Abrahão Issa Halack, 980, Ribeirânia. - 980 Ribeirânia",Ribeirão Preto,1831
UNIVERSIDADE ANHANGUERA DE SÃO PAULO (UNIAN - SP),UNIAN - SP,Rua Afonso Celso - 235 Vila Mariana,São Paulo,1562
CENTRO UNIVERSITÁRIO ASSUNÇÃO (UNIFAI),UNIFAI,Rua Afonso Celso - 671/711 Vila Mariana,São Paulo,852
FACULDADE MARINHO PAULISTA (FAMP),FAMP,Rua Airi - 20 a Vila Gomes Cardim,São Paulo,4028
FACULDADE ARMANDO ALVARES PENTEADO (FA-FAAP),FA-FAAP,Rua Alagoas - 903 HIGIENOPOLIS,São Paulo,2861
Faculdade Campos Giglio (FCG),FCG,Rua Albertina Nascimento - 132 Centro,Votorantim,1279
INSTITUTO DE ENSINO SUPERIOR DA FUPESP (IESF),IESF,Rua Aldo Moretti - 181 Jardim Ouro Negro,Paulínia,1832
Faculdade do Instituto Pecege (IPECEGE),IPECEGE,Rua Alexandre Herculano - 120 Vila Monteiro,Piracicaba,3743
FACULDADE DE GUARARAPES (FAG),FAG,Rua Alfredo Pacheco - 750 Centro,Guararapes,3411
FACULDADE DE TECNOLOGIA JARDIM (FATEJ),FATEJ,Rua Almirante Protógenes - 68 Bairro Jardim,Santo André,3803
FACULDADE NOVE DE JULHO MAUÁ (NOVE_MAUÁ),NOVE_MAUÁ,Rua Álvares Machado - 48 Vila Bocaina,Mauá,1765
CENTRO UNIVERSITÁRIO DE JAGUARIÚNA (UniFAJ),UniFAJ,Rua Amazonas - 504 Jardim Dom Bosco,Jaguariúna,4598
FACULDADES INTEGRADAS STELLA MARIS DE ANDRADINA (FISMA),FISMA,Rua Amazonas - 571 Stella Maris,Andradina,3302
FACULDADE DE CIÊNCIAS AGRÁRIAS DE ANDRADINA (FCAA),FCAA,Rua Amazonas - 571 Sttela Maris,Andradina,973
FACULDADE DE SÃO BERNARDO DO CAMPO - FASB (FASB I),FASB I,Rua Américo Brasiliense - 449 Centro,São Bernardo do Campo,13938
FACULDADE BRASÍLIA DE SÃO PAULO (FTBSP),FTBSP,Rua Angá - 395 Vila Formosa,São Paulo,1804
FACULDADE DE CIÊNCIAS DA FUNDAÇÃO INSTITUTO TECNOLÓGICO DE OSASCO (FAC-FITO),FAC-FITO,RUA ANGÉLICA - 100 JD. DAS FLORES,Osasco,93
FACULDADE DE TECNOLOGIA SENAI ANTOINE SKAF (SENAI),SENAI,Rua Anhaia - 1321 Bom Retiro,São Paulo,431
INSTITUTO DE ENSINO SUPERIOR DE BAURU (IESB),IESB,Rua Anhangüera - 09-19 Vila Flores,Bauru,149
CENTRO UNIVERSITÁRIO TOLEDO (UNITOLEDO),UNITOLEDO,Rua Antonio Afonso de Toledo - 595 Jardim Sumaré,Araçatuba,1371
Faculdade de Tecnologia do Tatuapé (FATEC-TT),FATEC-TT,Rua Antônio de Barros - 800 Tatuapé,São Paulo,1118
INSTITUTO DE EDUCAÇÃO E ENSINO SUPERIOR DE CAMPINAS (IESCAMP),IESCAMP,Rua Antônio Ferreira Laranja - 57 Jardim García,Campinas,1886
FACULDADE DE CIÊNCIAS E TECNOLOGIA DE BIRIGUI (FATEB),FATEB,Rua Antônio Simões - 04 Centro,Birigui,371
Faculdade de Engenharia e Agrimensura de São Paulo (FEASP),FEASP,Rua Araritaguaba - 804 Vila Maria Alta,São Paulo,12611
Fatec Arthur Azevedo - Mogi Mirim (FATECMM),FATECMM,Rua Ariovaldo Silveira Franco - 567 Jardim 31 de Março,Moji Mirim,20328
FACULDADE ESAMC SOROCABA (ESAMC),ESAMC,Rua Arthur Gomes - 51 Centro,Sorocaba,1619
Faculdade Paulista São José (FPSJ),FPSJ,Rua Atuaí - 691 Vila Esperança,São Paulo,1950
Centro Universitário das Américas (CAM),CAM,Rua Augusta - 1520 Consolação,São Paulo,18526
FACULDADE DE EDUCAÇÃO CIÊNCIAS E ARTES DOM BOSCO DE MONTE APRAZÍVEL (FAECA DOM BOSCO),FAECA DOM BOSCO,Rua Augusto Chiesa - 679 Centro,Monte Aprazível,3400
Escola DIEESE de Ciências do Trabalho (DIEESE),DIEESE,Rua Aurora - 957 Santa Efigênia,São Paulo,13796
"FACULDADES INTEGRADAS DE CIÊNCIAS HUMANAS, SAÚDE E EDUCAÇÃO DE GUARULHOS (FG)",FG,Rua Barão de Mauá - 95 Centro,Guarulhos,1096
FACULDADE CENECISTA DE CAPIVARI (FACECAP),FACECAP,Rua Barão do Rio Branco - 374 Centro,Capivari,1711
FAJOPA - FACULDADE JOÃO PAULO II (FAJOPA),FAJOPA,Rua Bartolomeu de Gusmão - 531 Jardim América,Marília,3513
INSTITUTO SUPERIOR DE EDUCAÇÃO VERA CRUZ (ISE VERA CRUZ),ISE VERA CRUZ,Rua Baumann - 73 Vila Leopoldina,São Paulo,1413
FACULDADE CERS (CERS),CERS,Rua Bela Cintra - 952 Consolação,São Paulo,1884
Faculdade de Tecnologia de São Caetano do Sul (FATEC SCS),FATEC SCS,Rua Bell Aliance - 225 Jardim São Caetano,São Caetano do Sul,1304
FACULDADE SALESIANA DOM BOSCO DE PIRACICABA (FSDB),FSDB,Rua Boa Morte - 1835 Centro,Piracicaba,1465
Faculdade de Tecnologia Senai Theobaldo de Nigris (SP SENAI),SP SENAI,Rua Bresser - 2315 Mooca,São Paulo,3307
FACULDADES OSWALDO CRUZ (FOC),FOC,Rua Brigadeiro Galvão - 540 Barra Funda,São Paulo,4090
FACULDADE DE TECNOLOGIA OSWALDO CRUZ (FATEC OSWALDO CRUZ),FATEC OSWALDO CRUZ,Rua Brigadeiro Galvão Prédio - 540 Barra Funda,São Paulo,4029
FACULDADE DO CLUBE NÁUTICO MOGIANO (FCNM),FCNM,Rua Cabo Diogo Oliver - 758 Mogilar,Mogi das Cruzes,19861
Faculdade ESAMC São Paulo - ESAMC (ESAMC),ESAMC,Rua Caiubi - 127 Perdizes,São Paulo,10418
FACULDADES INTEGRADAS RIO BRANCO (FRB),FRB,Rua Capitão José Inácio do Rosário - 133 Lapa,São Paulo,225
Faculdade de Tecnologia de Mogi das Cruzes (FATEC-MC),FATEC-MC,Rua Carlos Baratino - 01 Vila Mogilar,Mogi das Cruzes,1921
FACULDADE DE CIÊNCIAS DA SAÚDE DE SÃO PAULO (FACIS),FACIS,Rua Carlos Petit - 401 Vila Mariana,São Paulo,2131
FACULDADE CANÇÃO NOVA (FCN),FCN,Rua Carlos Pinto Filho - Vila Cacarro,Cachoeira Paulista,231
FACULDADE SESI-SP DE EDUCAÇÃO (FASESP),FASESP,Rua Carlos Weber - 835 Vila Leopoldina,São Paulo,1972
FACULDADE DE TECNOLOGIA EM SAÚDE (FATESA),FATESA,Rua Casemiro de Abreu - 660 Jardim América,Ribeirão Preto,17745
FACULDADE PENTÁGONO - FAPEN (FAPEN),FAPEN,Rua Cel Fernando Prestes - 326 Centro,Santo André,4983
UNIVERSIDADE CIDADE DE SÃO PAULO (UNICID),UNICID,Rua Cesário Galero - 448/475 Tatuapé,São Paulo,416
FACULDADE FACCAT (FACCAT),FACCAT,Rua Cherentes - 36 Centro,Tupã,3186
FACULDADE DE TECNOLOGIA MÁRIO DE ANDRADE (FTMA),FTMA,Rua Clélia - 965 Vila Romana,São Paulo,1690
CENTRO SUPERIOR DE ESTUDOS JURÍDICOS CARLOS DRUMMOND DE ANDRADE (CSEJCDA),CSEJCDA,Rua Comendador Cantinho - 394 Penha de França,São Paulo,1532
FACULDADE DE SÃO PAULO (FASP),FASP,Rua Conselheiro Crispiniano - 116/120 Centro,São Paulo,2399
FACULDADE DE MÚSICA CARLOS GOMES (FMCG),FMCG,Rua Conselheiro Crispiniano - 116/120/140 Centro,São Paulo,906
FACULDADE DE TECNOLOGIA PORTO DAS MONÇÕES (FAMO),FAMO,RUA CONSTANTINO GUARINI - 150 Centro,Porto Feliz,1313
Faculdade de Educação Paulistana (FAEP),FAEP,Rua Cordeiro da Silva - 185 Vila Nova Parada,São Paulo,2009
Faculdade de Ciências e Tecnologia Paulistana (FACITEP),FACITEP,Rua Cordeiro de Silva - 165 - 185 Parada de Taipas,São Paulo,19252
FACULDADE ESAMC JUNDIAÍ (ESAMC),ESAMC,Rua Coronel Boaventura Mendes Pereira - 211 Vila Boaventura,Jundiaí,10323
FACULDADE DE TECNOLOGIA PENTÁGONO (FATEP),FATEP,Rua Coronel Fernando Prestes - 326 Centro,Santo André,13890
FACULDADE DE FILOSOFIA CIÊNCIAS E LETRAS DE ITUVERAVA (FFCL),FFCL,Rua Coronel Flauzino Barbosa Sandoval - 1259 Cidade Universitária,Ituverava,1742
Instituto de Ensino e Pesquisa do Hospital Sírio-Libanês (IEP/HSL),IEP/HSL,Rua Coronel Nicolau dos Santos - 69 Bela Vista,São Paulo,4209
FACULDADE DE SANTA BÁRBARA D'OESTE (FAP),FAP,Rua da Agricultura - 4.000 Gerivá,Santa Bárbara d´Oeste,23459
FACULDADE LEGALE (FALEG),FALEG,Rua da Consolação - 65 Centro,São Paulo,35
UNIVERSIDADE PRESBITERIANA MACKENZIE (MACKENZIE),MACKENZIE,Rua da Consolação - 896 Consolação,São Paulo,15697
FACULDADE DE EDUCAÇÃO FÍSICA DA ASSOCIAÇÃO CRISTÃ DE MOÇOS DE SOROCABA (FEFISO),FEFISO,Rua da Penha - 680 Centro,Sorocaba,22939
UNIVERSIDADE DE SÃO PAULO (USP),USP,Rua da Reitoria - 374 Butantã,São Paulo,23438
Faculdade de Tecnologia de Itatiba (Fatec Itatiba),Fatec Itatiba,Rua Daniel Peçanha de Moraes - 220 Jardim Salessi,Itatiba,19863
FACULDADE NOVE DE JULHO DE OSASCO (NOVE-OSASCO),NOVE-OSASCO,Rua Dante Battiston - 107 Centro,Osasco,13498
Faculdades Integradas de Taguaí (FIT),FIT,Rua das Acácias - 110 Jardim Primavera I,Taguaí,15757
FACULDADE ESTÁCIO DE SANTO ANDRÉ (ESTÁCIO SANTO ANDRÉ),ESTÁCIO SANTO ANDRÉ,Rua das Esmeraldas - 67 Jardim,Santo André,15689
"FACULDADE DE TECNOLOGIA EM HOTELARIA, GASTRONOMIA E TURISMO DE SÃO PAULO (HOTEC)",HOTEC,Rua das Palmeiras - 184 Santa Cecília,São Paulo,4020
FACULDADE INTESP (INTESP),INTESP,Rua Deoclides da Silva Guidio - 469 Centro,Ipaussu,5633
INSTITUTO SUPERIOR DE EDUCAÇÃO DE SÃO PAULO (SINGULARIDADES/ISESP),SINGULARIDADES/ISESP,Rua Deputado Lacerda Franco - 88 Pinheiros,São Paulo,19739
Faculdade de Tecnologia de Piracicaba (Fatec Piracicaba),Fatec Piracicaba,Rua Diácono Jair de Oliveira - 651 Santa Rosa,Piracicaba,15704
FACULDADE DE PRIMAVERA (CESPRI),CESPRI,Rua Diamantina - s/n Distrito de Primavera,Rosana,16395
FACULDADE MORUMBI (FAMOR),FAMOR,Rua Diogo Pereira - 314 Super Quadra Morumbi,São Paulo,16410
FACULDADE IMPACTA DE TECNOLOGIA (FIT),FIT,Rua do Bosque - 60 Barra Funda,São Paulo,19578
INSTITUTO DE ENSINO SUPERIOR DE AMERICANA (IESA),IESA,Rua do Carpinteiro - 240 e 270 Jardim Werner Plaas,Americana,18099
FACULDADE TORRICELLI (FT),FT,Rua do Rosário - 313 Vila Camargos,Guarulhos,23700
UNIVERSIDADE METODISTA DE SÃO PAULO (UMESP),UMESP,Rua do Sacramento - 230 Rudge Ramos,São Bernardo do Campo,23705
CENTRO UNIVERSITÁRIO CATÓLICO SALESIANO AUXILIUM (UNISALESIANO),UNISALESIANO,Rua Dom Bosco - 265 Centro,Lins,4021
CENTRO UNIVERSITÁRIO CLARETIANO (CEUCLAR),CEUCLAR,Rua Dom Bosco - 466 Castelo,Batatais,1584
FACULDADE DE TECNOLOGIA DE INDAIATUBA (FATEC-ID),FATEC-ID,Rua Dom Pedro I - 65 Cidade Nova I,Indaiatuba,15752
FACULDADE FLEMING (SEF),SEF,Rua Dona Maria Uumbelina Couto - 58 Bairro Guanabara,Campinas,1583
FACULDADE DE CIÊNCIAS HUMANAS DO ESTADO DE SÃO PAULO (FACIC),FACIC,Rua dos Andradas - 1039 Vila Brasil,Cruzeiro,15693
FACULDADE DE TECNOLOGIA FRANCISCO MORATO (FFRAMO),FFRAMO,Rua dos Cravos - 560 Vila Espanhola,Francisco Morato,19864
ESCOLA SUPERIOR DE PROPAGANDA E MARKETING (ESPM),ESPM,Rua Doutor Álvaro Alvim - 123 Vila Mariana,São Paulo,15639
FACULDADE DE CIÊNCIAS MÉDICAS DA SANTA CASA SÃO PAULO (FCMSCSP),FCMSCSP,RUA DOUTOR CESÁRIO MOTA JÚNIOR - 61 VILA BUARQUE,São Paulo,17977
FACULDADE UNIVERITAS UNIVERSUS VERITAS SÃO JOSÉ DO RIO PRETO (UNIVERITAS SJP),UNIVERITAS SJP,Rua Doutor Coutinho Cavalcanti - 1752 Jardim América,São José do Rio Preto,22319
FACULDADE PAULISTA DE CIÊNCIAS DA SAÚDE (FPCS),FPCS,Rua Doutor Diogo de Faria - 1036 Vila Clementino,São Paulo,17952
FACULDADE SANTA MARCELINA (FASM),FASM,Rua Doutor Emílio Ribas - 89 Perdizes,São Paulo,778
Faculdade Promove de São Paulo (FPSP),FPSP,Rua Doutor Jesuíno Maciel - 321 Campo Belo,São Paulo,37
Faculdade ENAU (FacEnau),FacEnau,Rua Doutor Jorge Tibiriçá - 124 Centro Alto,Ribeirão Pires,15769
"ESCOLA SUPERIOR DE CRUZEIRO ""PREFEITO HAMILTON VIEIRA MENDES"" (ESEFIC)",ESEFIC,Rua Doutor José Rodrigues Alves Sobrinho - 191 Vila Celestina,Cruzeiro,4022
FACULDADE SANTA RITA (FASAR),FASAR,Rua Doutor Mário Florence - 144 Jardim Aeroporto,Novo Horizonte,4023
FACULDADE SAINT GERMAIN SP (FSGSP),FSGSP,Rua Doutor Nicolau de Sousa Queirós - 159 (ant. 131) Vila Mariana,São Paulo,4024
Faculdade de Tecnologia Jorge Caram Sabbag (FATEC Bebedouro),FATEC Bebedouro,Rua Doutor Oscar Werneck - 1286 Centro,Bebedouro,15576
CENTRO UNIVERSITÁRIO METROPOLITANO DE SÃO PAULO (UNIMESP),UNIMESP,Rua Doutor Solon Fernandes - 155 Vila Rosália - Guarulhos,Guarulhos,15709
FACULDADE SANTA LÚCIA (FCACSL),FCACSL,Rua Doutor Ulhoa Cintra - 351 Centro,Moji Mirim,1874
FACULDADE DE DIREITO DE SOROCABA (FADI),FADI,Rua Doutora Ursulina Lopes Torres - 123 Vergueiro,Sorocaba,15687
UNIVERSIDADE ANHEMBI MORUMBI (UAM),UAM,Rua Dr. Almeida Lima - 1124 e 1134 Brás,São Paulo,15682
CENTRO UNIVERSITÁRIO BELAS ARTES DE SÃO PAULO (FEBASP),FEBASP,Rua Dr. Álvaro Alvim - 76/90 Vila Mariana,São Paulo,4150
FACULDADE DE BIBLIOTECONOMIA E CIÊNCIA DA INFORMAÇÃO (FABCI),FABCI,Rua Dr. Cesário Mota Júnior - 262 Vila Buarque,São Paulo,17953
FACULDADE DE ADMINISTRAÇÃO DA FESPSP (FADFESPSP),FADFESPSP,Rua Dr. Cesário Motta Júnior - 262 Vila Buarque,São Paulo,4926
FACULDADE ESAMC SANTOS (ESAMC),ESAMC,Rua Dr. Egydio Martins - 181 Ponta da Praia,Santos,5627
Faculdade Educamais (EDUCA+),EDUCA+,Rua Dr. Luiz Carlos - 1000 Penha,São Paulo,20478
INSTITUTO SÃO PAULO DE ESTUDOS SUPERIORES (ITESP),ITESP,RUA DR. MÁRIO VICENTE - 1108 IPIRANGA,São Paulo,5099
UNIÃO DAS FACULDADES DOS GRANDES LAGOS (UNILAGO),UNILAGO,Rua Eduardo Nielsen - 960 Jardim Aeroporto,São José do Rio Preto,15745
FACULDADE DE TECNOLOGIA DE AMERICANA (FATEC-AM),FATEC-AM,Rua Emílio de Menezes - s/n Vila Amorim,Americana,19500
UNIVERSIDADE SANTO AMARO (UNISA),UNISA,Rua Enéas de Siqueira Neto - 340 Jardim das Imbuias,São Paulo,4025
FACULDADE DE TECNOLOGIA BANDEIRANTES (BANDTEC),BANDTEC,Rua Estela - 268 Vila Mariana,São Paulo,15581
Faculdade Instituto Paulista de Ensino (FIPEN),FIPEN,Rua Euclides da Cunha - 390 Centro,Osasco,34
FACULDADE FERNÃO DIAS (FAFE),FAFE,Rua Euclides da Cunha - 70 Centro,Osasco,18817
FACULDADE DE TECNOLOGIA DE SÃO JOSÉ DO RIO PRETO (FATECRP),FATECRP,Rua Fernandópolis - 2510 Eldorado,São José do Rio Preto,15793
FACULDADE DE EDUCAÇÃO SÃO LUÍS (FESL),FESL,Rua Floriano Peixoto - 839/873 Centro,Jaboticabal,1713
Centro Universitário de Excelência Eniac (ENIAC),ENIAC,Rua Força Pública - 89 Centro,Guarulhos,15696
CENTRO UNIVERSITÁRIO FAVENI (UNIFAVENI),UNIFAVENI,Rua Força Pública - 89 Centro,Guarulhos,33
FACULDADE DE SÃO JOSÉ DOS CAMPOS (BILAC),BILAC,Rua Francisco Paes - 84 Centro,São José dos Campos,967
FACULDADE DE TECNOLOGIA IBTA - SÃO JOSÉ DOS CAMPOS (IBTA),IBTA,Rua Francisco Paes - 84 Centro,São José dos Campos,15803
ESCOLA SUPERIOR DE ADMINISTRAÇÃO DE EMPRESAS (INEA),INEA,Rua Francisco Paes - 89 Centro,São José dos Campos,18049
FACULDADE DE MEDICINA DE JUNDIAÍ (FMJ),FMJ,Rua Francisco Telles - 250 VILA ARENS,Jundiaí,4873
FACULDADE DE TECONOLOGIA DA ZONA SUL (FATEC ZONASUL),FATEC ZONASUL,Rua Frederico Grotte - 322 Jardim Vergueiro,São Paulo,15746
FACULDADE DE TECNOLOGIA DE JAHU (FATEC-JAHU),FATEC-JAHU,Rua Frei Galvão - S/N JARDIM PEDRO OMETTO,Jaú,11807
Faculdade de Ensino Paschoal Dantas (FEPD),FEPD,Rua Frei Inocêncio - 40 Jardim São Gabriel,São Paulo,15695
Faculdade de Tecnologia do Ipiranga (FATECIPI),FATECIPI,Rua Frei João - 59 Vila Nair,São Paulo,17516
FACULDADE UNITERP (FACTERP),FACTERP,Rua General Glicério - 3350 Centro,São José do Rio Preto,17942
ESCOLA DE SOCIOLOGIA E POLÍTICA DE SÃO PAULO (ESP),ESP,Rua General Jardim - 522 Vila Buarque,São Paulo,15708
ESCOLA DA CIDADE - FACULDADE DE ARQUITETURA E URBANISMO (ESCOLA DA CIDADE),ESCOLA DA CIDADE,Rua General Jardim - 65/51 Vila Buarque,São Paulo,18711
Faculdade Estácio de São José do Rio Preto (EstácioSÃO JOSÉ),EstácioSÃO JOSÉ,Rua General Osório - 1896 Parque Industrial,São José do Rio Preto,1964
FACULDADE DE AVARÉ (IESA/FACCAA),IESA/FACCAA,RUA GOIAS - 1121 Centro,Avaré,14969
Centro Universitário Campo Limpo Paulista (UNIFACCAMP),UNIFACCAMP,Rua Guatemala - 167 Jardim América,Campo Limpo Paulista,1762
FACULDADE NOVE DE JULHO GUARULHOS (NOVE-GUARULHOS),NOVE-GUARULHOS,Rua Harry Simonsen - 21 Vila das Palmeiras,Guarulhos,15784
Faculdade Interativa de São Paulo (FAISP),FAISP,Rua Heloísa Penteado - 327 Vila Esperança,São Paulo,4252
FACULDADE DE CIÊNCIAS GERENCIAIS - COTIA (FCG - COTIA),FCG - COTIA,Rua Howard Archibald Acheson - 393 Jardim da Glória,Cotia,21713
Faculdade Estácio Euro- Panamericana de Humanidades e Tecnologias - Estácio EUROPAN (ESTÁCIO EUROPAN),ESTÁCIO EUROPAN,Rua Howard Archibald Acheson Junior - 393 Jardim da Glória - Granja Viana,Cotia,4590
Faculdade Estácio Cotia (Estácio FAAC),Estácio FAAC,Rua Howard Archibaldi Acheson Júnior - 393 Jardim da Glória,Cotia,12723
FACULDADES INTEGRADAS PAULISTA (FIP),FIP,Rua Ibipetuba - 42 Parque da Mooca,São Paulo,14858
CENTRO UNIVERSITÁRIO DO NORTE PAULISTA (UNORP),UNORP,Rua Ipiranga - 3460 Jardim Alto Rio Preto,São José do Rio Preto,2625
UNIVERSIDADE DO SAGRADO CORAÇÃO (USC),USC,Rua Irmã Arminda - 10-50 Jardim Brasil,Bauru,1741
FACULDADE SÃO PAULO (FASP),FASP,Rua Irmãos Pilla - 144 Tucuruvi,São Paulo,12923
Faculdade de Tecnologia de São Sebastião (Fatec SS),Fatec SS,Rua Ítalo Nascimento - 366 Porto Grande,São Sebastião,3692
ESCOLA DE ECONOMIA DE SÃO PAULO (EESP),EESP,Rua Itapeva - 474 Bela Vista,São Paulo,3693
ESCOLA DE DIREITO DO BRASIL (EDIRB),EDIRB,Rua Itapeva - 538 Bela Vista,São Paulo,4086
FACULDADE DE ITAPETININGA (FI),FI,Rua Izolina de Moraes - 727 Vila Nastri,Itapetininga,19862
INSTITUTO ITAPETININGANO DE ENSINO SUPERIOR (IIES),IIES,Rua Izolina de Morais Rosa - 727 Vila Nastri,Itapetininga,1748
FACULDADE DE DIREITO DE SÃO BERNARDO DO CAMPO (FDSBC),FDSBC,Rua Java - 425 JARDIM DO MAR,São Bernardo do Campo,15753
FACULDADE UNIVERITAS UNIVERSUS VERITAS DE OSASCO (UNIVERITAS OSA),UNIVERITAS OSA,Rua Jequié - 120 Quitaúna,Osasco,1743
Faculdade de São Carlos (FASC),FASC,Rua Jesuíno de Arruda - 2625 Jardim Brasil,São Carlos,5045
FACULDADES INTEGRADAS DE ITARARÉ (FAFIT-FACIC),FAFIT-FACIC,Rua João Batista Veiga - 1.725 Cruzeiro,Itararé,3978
FACULDADE BIRIGUI (FABI),FABI,Rua João Escanhuela - 133 Jardim Capuano,Birigui,14401
FACULDADE DE EDUCAÇÃO FÍSICA DE BARRA BONITA (FAEFI),FAEFI,Rua João Gerin - 275 Vila Operária,Barra Bonita,14069
ESCOLA SUPERIOR PAULISTA DE ADMINISTRAÇÃO - ESPA (ESPA),ESPA,Rua João Gonçalves - 455/471 Centro,Guarulhos,15715
Faculdade de Tecnologia de Guarulhos (FATEC GR),FATEC GR,Rua João Gonçalves - 511 Centro,Guarulhos,36
Faculdade de Educação em Ciências da Saúde (FECS),FECS,Rua João Julião - 331 Bela Vista,São Paulo,12661
Faculdade Innovare (FACINN),FACINN,Rua João Martins - 448 Parque Cruzeiro do Sul,São Paulo,15585
FACULDADE AUTÔNOMA DE DIREITO (FADISP),FADISP,Rua João Moura - 313 Pinheiros,São Paulo,19501
FACULDADE TEOLÓGICA BATISTA DE SÃO PAULO (FTBSP),FTBSP,Rua João Ramalho - 466 Perdizes,São Paulo,4817
Faculdade de Tecnologia de Itapetininga - Prof.Antônio Belizandro Barbosa Rezende (Fatec - Itapetininga),Fatec - Itapetininga,Rua João Vieira Camargo - 104 Vila Barth,Itapetininga,1526
FACULDADE DE AMERICANA (FAM),FAM,Rua Joaquim Boer - 733 Jardim Luciene,Americana,4820
FACULDADE CORPORATIVA CESPI (FACESPI),FACESPI,"Rua Joaquim Franco da Silva, - 140 Distrito Industrial",Piraju,14609
Faculdade Rudolf Steiner (FRS),FRS,Rua Job Lane - 900 Jardim Petrópolis,São Paulo,4814
Faculdade de Tecnologia de Sertãozinho (FATEC SERTÃOZINHO),FATEC SERTÃOZINHO,Rua Jordão Borghetti - 480 São João,Sertãozinho,17691
FACULDADE DE FILOSOFIA CIÊNCIAS E LETRAS DE SÃO JOSÉ DO RIO PARDO (FFCL),FFCL,Rua Jorge Tibiriça - 451 CENTRO,São José do Rio Pardo,4819
Faculdade Porto União (FPU),FPU,Rua José Alves Cunha Lima - 172 Vila Butantã,São Paulo,1286
FACULDADES INTEGRADAS POTENCIAL (FIP),FIP,Rua José Augusto Pedroso - 44 Vila São Francisco de Assis,Cotia,4815
UNIVERSIDADE DO OESTE PAULISTA (UNOESTE),UNOESTE,Rua José Bongiovani - 700 Cidade Universitária,Presidente Prudente,17690
FACULDADE DE SUZANO (UNISUZ),UNISUZ,Rua José Correia Gonçalves - 57 Centro,Suzano,15501
FACULDADE DE TECNOLOGIA IPEP DE CAMPINAS (FATEC CAMPINAS),FATEC CAMPINAS,Rua José de Alencar - 470 Centro,Campinas,15502
FACULDADE SUDOESTE PAULISTA-ITAPETININGA (FSP),FSP,Rua José de Almeida Carvalho - 1695 Vila Leonor,Itapetininga,1150
FACULDADE DE MÚSICA SOUZA LIMA (FMSL),FMSL,Rua José Maria Lisboa - 745 Jardins,São Paulo,3308
FACULDADE DE SUMARÉ (FECGS),FECGS,Rua José Maria Miranda - 480 Centro,Sumaré,4026
FACULDADE PESTALOZZI DE FRANCA (FAPESF),FAPESF,Rua José Marques Garcia - 197 Cidade Nova,Franca,15688
FACULDADE ESAMC CAMPINAS (ESAMC),ESAMC,Rua José Paulino - 1345 Centro,Campinas,18033
FACULDADE DE TEOLOGIA E CIÊNCIAS (FATEC),FATEC,Rua José Sanches Peres - 3040 São João,Votuporanga,5048
FACULDADE DE JABOTICABAL (FAJAB),FAJAB,Rua Juca Quito - 618 Centro,Jaboticabal,14194
FACULDADE DE TECNOLOGIA INTERAMÉRICA (INTERAMERICA),INTERAMERICA,Rua Libero Badaró - 487 Centro,São Paulo,2846
Faculdade IBECO (IBECO),IBECO,Rua Loefgren - 1400 Vila Clementino,São Paulo,4293
FACULDADE PAULISTA DE SERVIÇO SOCIAL (FAPSS-SP.),FAPSS-SP.,Rua Lopes Chaves - 273 Barra Funda,São Paulo,270
FACULDADE UNIFICADA DO ESTADO DE SÃO PAULO (FAUESP),FAUESP,Rua Luís Lacava - 239 Vila Bocaina,Mauá,2205
INSTITUIÇÃO DE ENSINO SÃO FRANCISCO (IESF),IESF,Rua Luiz Martini - 601 Guaçu Parque Real,Mogi Guaçu,5663
FACULDADE POLITÉCNICA DE CAMPINAS (POLICAMP),POLICAMP,Rua Luiz Otávio - 1.281 Fazenda Santa Cândida,Campinas,1516
CENTRO UNIVERSITÁRIO PAULISTANO (UNIPAULISTANA),UNIPAULISTANA,Rua Madre Cabrini - 38 Vila Mariana,São Paulo,2257
Faculdade FIPECAFI (FIPECAFI),FIPECAFI,Rua Maestro Cardim - 1170 Liberdade,São Paulo,19325
GRUPO DE NUTRIÇÃO HUMANA (GANEP),GANEP,Rua Maestro Cardim - 1175 Paraíso,São Paulo,243
Faculdade de Araraquara (FARA),FARA,Rua Mahiba Barcha - 1169 Jardim das Flores,Araraquara,18019
Faculdade de Tecnologia Dr. Thomaz Novelino (FATEC Franca),FATEC Franca,Rua Major Claudiano - 1488 Centro,Franca,1275
FACULDADE PAULUS DE TECNOLOGIA E COMUNICAÇÃO (FAPCOM),FAPCOM,Rua Major Maragliano - 191 Vila Mariana,São Paulo,3007
FACULDADE CEAT (FACEAT),FACEAT,Rua Major Sertório - 110 Vila Buarque,São Paulo,3008
FACULDADE DA ALTA PAULISTA (FAP),FAP,Rua Mandaguaris - 1010 Centro,Tupã,21638
FACULDADE SUDOESTE PAULISTA - TATUÍ - FSP (TATUÍ - FSP),TATUÍ - FSP,Rua Maneco Pereira - 619 Centro,Tatuí,1622
Faculdade de Tecnologia de Bauru (FATEC),FATEC,Rua Manoel Bento da Cruz - 30 Centro,Bauru,1898
Faculdade Integração (FI),FI,Rua Manuel Guedes - 504 ardim Europa,São Paulo,13752
Faculdade Cultura Inglesa (FCI),FCI,Rua Maranhão - 416 Higienópolis,São Paulo,14879
Faculdade de Tecnologia de Catanduva (FATEC Catanduva),FATEC Catanduva,Rua Maranhão - 898 Centro,Catanduva,439
FACULDADE INTEGRAL CANTAREIRA (F.I.C.),F.I.C.,Rua Marcos Arruda - 729 Belenzinho,São Paulo,4995
FACULDADE DE SÃO BERNARDO DO CAMPO (FAPAN),FAPAN,Rua Marechal Deodoro - 1928 Centro,São Bernardo do Campo,1322
Faculdade de Tecnologia de São Carlos (FATEC São Carlo),FATEC São Carlo,Rua Marechal Deodoro - 3183 Chácara Parollo,São Carlos,22176
Faculdade de Tecnologia de São Roque (FATEC-SR),FATEC-SR,Rua Marechal Deodoro da Fonseca - 132 Centro,São Roque,1386
FACULDADE DO LITORAL SUL PAULISTA (FALS),FALS,Rua Marechal Eurico Gaspar Dutra - 836 Canto do Forte,Praia Grande,17902
CENTRO UNIVERSITÁRIO UNI-BAN (UNI-BAN),UNI-BAN,Rua Maria Cândida - 1789 Vila Guilherme,São Paulo,2408
CENTRO UNIVERSITÁRIO MÓDULO (MÓDULO),MÓDULO,Rua Maria D'Assumpção Carvalho - 1000 Jardim Itamar,Caraguatatuba,4211
FACULDADE DE ITÁPOLIS - FACITA (FACITA),FACITA,Rua Mário de Souza Castro - 200 Santa Mônica,Itápolis,1561
INSTITUTO SUPERIOR DE INOVAÇÃO E TECNOLOGIA (ISITEC),ISITEC,Rua Martiniano de Carvalho - 170 Bela Vista,São Paulo,905
FACULDADE DA FUNDAÇÃO EDUCACIONAL ARAÇATUBA (FAC-FEA),FAC-FEA,Rua Maurício de Nassau - 1.191 Santana,Araçatuba,1280
CENTRO UNIVERSITÁRIO CENTRAL PAULISTA (UNICEP),UNICEP,Rua Miguel Petroni - 5111 Loteamento Habitacional São Carlos 1,São Carlos,18164
FACULDADE MAURÍCIO DE NASSAU DE CAMPINAS (FMN CAMPINAS),FMN CAMPINAS,Rua Mogi Mirim - 1283 Jardim Novo Campos Eliseos II,Campinas,4169
PONTIFÍCIA UNIVERSIDADE CATÓLICA DE SÃO PAULO (PUCSP),PUCSP,Rua Monte Alegre - 984 Perdizes,São Paulo,2431
INSTITUTO MUNICIPAL DE ENSINO SUPERIOR DE BEBEDOURO VICTÓRIO CARDASSI (IMESB),IMESB,Rua Nelson Domingos Madeira - 300 PARQUE ELDORADO,Bebedouro,17803
Faculdade de Santana de Parnaíba (FASP),FASP,Rua Nelson Piccinini Miguel - 10 Jardim Frediani,Santana de Parnaíba,1659
CENTRO UNIVERSITÁRIO DE PAULÍNIA (UNIFACP),UNIFACP,Rua Nelson Prodócimo - 495 Bela Vista,Paulínia,3779
Faculdade de Tecnologia de Cotia (FATEC COTIA),FATEC COTIA,Rua Nelson Raineri - 700 Recanto Vista Alegre,Cotia,18145
FACULDADE DOURADO (FD),FD,Rua Nhatumani 556-568 - 568 Vila Ré,São Paulo,1457
FACULDADE NOVE DE JULHO DE BAURU (NOVE-BAURU),NOVE-BAURU,Rua Nicolau Assis - Quadra 7 Jardim Panorama,Bauru,2806
FACULDADES INTEGRADAS CAMPOS SALLES (FICS),FICS,Rua Nossa Senhora da Lapa - 284 Lapa,São Paulo,269
FACULDADE MOZARTEUM DE SÃO PAULO (FAMOSP),FAMOSP,Rua Nova dos Portugueses - 365 Santa Terezinha,São Paulo,5124
Centro Universitário de Adamantina (FAI),FAI,Rua Nove de Julho - 730/40 CENTRO,Adamantina,18696
FACULDADE UNIDAS DE TATUI (FDT),FDT,Rua Oracy Gomes - 665 Centro,Tatuí,1806
CENTRO UNIVERSITÁRIO DO VALE DO RIBEIRA (UNIVR),UNIVR,Rua Oscar Yoshiaki Magário - 185 Jardim das Palmeiras,Registro,1520
UNIVERSIDADE SANTA CECÍLIA (UNISANTA),UNISANTA,Rua Oswaldo Cruz - 266 Boqueirão,Santos,15401
FACULDADE FREIRE DE ENSINO (FFE),FFE,Rua Otávio Mendes - 147 Jardim Professor Francisco Morato,Francisco Morato,1541
FACULDADE TEOLÓGICA DE CIÊNCIAS HUMANAS E SOCIAIS LOGOS (FAETEL),FAETEL,Rua Padre Adelino - 700 Belenzinho,São Paulo,1213
Faculdade Ana Carolina Puga (FAPUGA),FAPUGA,Rua Padre Estevão Pernet - 398/402 Vila Gomes Cardim,São Paulo,21540
CENTRO UNIVERSITÁRIO MOURA LACERDA (CUML),CUML,Rua Padre Euclides - 995 Campos Elísios,Ribeirão Preto,4597
TREVISAN ESCOLA SUPERIOR DE NEGÓCIOS- (TEN),TEN,Rua Padre Guedes - 695 Centro,Ribeirão Bonito,17662
CENTRO UNIVERSITÁRIO SÃO ROQUE (UNISÃO ROQUE),UNISÃO ROQUE,Rua Padre Marçal - 30 Centro,São Roque,1221
FACULDADE DE TEODORO SAMPAIO (FTS),FTS,Rua Pará - 506 Estação,Teodoro Sampaio,1732
EJ - Faculdade de Tecnologia em Aviação Civil (EJ),EJ,Rua Paraná - 450 Aeroporto,Itápolis,16194
FACULDADES INTEGRADAS MARIA IMACULADA (FIMI),FIMI,Rua Paula Bueno - 240 Centro,Mogi Guaçu,17587
Faculdade Sul Paulista de Itanhaém (FASUPI),FASUPI,Rua Paulo José de Moraes - S/N Sabaúna,Itanhaém,21431
FACULDADE SOLIDARIA DO OESTE PAULISTA (FASOL),FASOL,Rua Paulo Marcondes - 1447 Parque Residencial São Lucas,Presidente Prudente,2465
Faculdade de Tecnologia de Osasco - Prefeito Hirant Sanazar (Fatec Osasco),Fatec Osasco,Rua Pedro Rissatto - 30 Remédios,Osasco,12817
"INSTITUTO FEDERAL DE EDUCAÇÃO, CIÊNCIA E TECNOLOGIA DE SÃO PAULO (IFSP)",IFSP,Rua Pedro Vicente - 625 Canindé,São Paulo,5387
FACULDADE DE PRESIDENTE EPITÁCIO - FAPE (FAPE),FAPE,Rua Pernambuco - 17-05 Centro,Presidente Epitácio,2688
CENTRO UNIVERSITÁRIO DE VOTUPORANGA (UNIFEV),UNIFEV,Rua Pernambuco - 4196 Patrimônio Novo,Votuporanga,4629
FACULDADE DE JUNQUEIRÓPOLIS (ISEJ),ISEJ,Rua Piauí - 801 Distrito Comercial e Industrial,Junqueirópolis,2177
FACULDADE DE PRESIDENTE VENCESLAU (FAPREV),FAPREV,Rua Piracicaba - 47 Jardim Coroados,Presidente Venceslau,20098
FACULDADE DE TECNOLOGIA IPEP DE SÃO PAULO (FATEC SP),FATEC SP,Rua Pirapitingui - 186 Liberdade,São Paulo,19879
FACULDADES INTEGRADAS IPEP (FIPEP),FIPEP,Rua Pirapitingui - 186 Liberdade,São Paulo,1190
Faculdade ANCLIVEPA (ANCLIVEPA),ANCLIVEPA,Rua Platina - 556 Vila Azevedo,São Paulo,803
Faculdade Zona Leste (FZL),FZL,Rua Platina - 570 Vila Azevedo,São Paulo,1745
Faculdade de Tecnologia de Araraquara (FATEC ARQ),FATEC ARQ,Rua Precide Scarpino Martim - 126 Jardim Santa Clara (Vila Xavier),Araraquara,924
FACULDADE METODISTA DO SUL PAULISTA (FMSP),FMSP,RUA PREFEITO FELIPE MARINHO - 110 JARDIM FERRARI,Itapeva,1781
Faculdade de Tecnologia Santo André (FATEC-SA),FATEC-SA,Rua Prefeito Justino Paixão - 150 Centro,Santo André,22098
FACULDADE SÃO PAULO DE PRESIDENTE VENCESLAU (FASPREV),FASPREV,Rua Princesa Isabel - 230 Centro,Presidente Venceslau,790
Centro Universitário Carlos Drummond de Andrade (UniDrummond),UniDrummond,Rua Prof. Pedreira de Freitas - 415 Tatuapé,São Paulo,1693
Faculdade Estácio de Bauru (Estácio BAURU),Estácio BAURU,Rua Professor Alberto Brandão de Rezende 25 - nº 1-126 Jardim Amália,Bauru,15873
Faculdade Alvorada Paulista (FALP),FALP,Rua Professor Conrado de Deo - 41 Campo Limpo,São Paulo,2328
PONTIFÍCIA UNIVERSIDADE CATÓLICA DE CAMPINAS (PUC-CAMPINAS),PUC-CAMPINAS,Rua Professor Doutor Euryclides de Jesus Zerbini - 1516 Parque Rural Fazenda Santa Cândida,Campinas,2344
FACULDADE GENNARI E PEARTREE (FGP),FGP,Rua Professor Massud José Nachef - 2855 Parque da Colina,Pederneiras,20406
Centro Universitário UNIFAFIBE (FAFIBE),FAFIBE,Rua Professor Orlando França de Carvalho - 110/325 / 326 Centro,Bebedouro,18288
FACULDADE DE TECNOLOGIA CARLOS DRUMMOND DE ANDRADE (CSET DRUMMOND),CSET DRUMMOND,Rua Professor Pedreira de Freitas - 401/415 Tatuapé,São Paulo,1946
FACULDADE UNIVERITAS UNIVERSUS VERITAS DE RIBEIRÃO PRETO (UNIVERITAS RP),UNIVERITAS RP,Rua Professor Wlademir Pinto Ferraz - 250 Parque Ribeirão Preto,Ribeirão Preto,1415
Centro Universitário Estácio de São Paulo (ESTÁCIO SÃO PAULO),ESTÁCIO SÃO PAULO,Rua Promotor Gabriel Netuzzi Perez - 108 Santo Amaro,São Paulo,1624
INSPER INSTITUTO DE ENSINO E PESQUISA (INSPER),INSPER,Rua Quatá - 300 Vila Olímpia,São Paulo,3837
UNIVERSIDADE DE TAUBATÉ (UNITAU),UNITAU,Rua Quatro de Março - 432 Centro,Taubaté,3618
FACULDADE MAURÍCIO DE NASSAU DE SÃO JOSÉ DOS CAMPOS (FMN SJ CAMPOS),FMN SJ CAMPOS,Rua Quinze de Novembro - S/N Centro,São José dos Campos,20530
UNIVERSIDADE ESTADUAL PAULISTA JÚLIO DE MESQUITA FILHO (UNESP),UNESP,Rua Quirino de Andrade - 215 Centro,São Paulo,21367
CENTRO UNIVERSITÁRIO BARÃO DE MAUÁ (CBM),CBM,Rua Ramos de Azevedo - 423 Jardim Paulista,Ribeirão Preto,19851
FACULDADES INTEGRADAS EINSTEIN DE LIMEIRA (FIEL),FIEL,Rua Raul Machado - 134 Vila Queiroz,Limeira,21368
FACULDADES INTEGRADAS DE BAURU (FIB),FIB,Rua Rodolfina Dias Domingues - 11 Jardim Ferraz,Bauru,16934
ESCOLA SUPERIOR DE EDUCAÇÃO FÍSICA DE JUNDIAÍ (ESEFJ),ESEFJ,Rua Rodrigo Soares de Oliveira - S/N ANHANGABAU,Jundiaí,4731
FACULDADES INTEGRADAS RUI BARBOSA (FIRB),FIRB,Rua Rodrigues Alves - 756 Centro,Andradina,1130
INSTITUTO MANCHESTER PAULISTA DE ENSINO SUPERIOR (IMAPES),IMAPES,Rua Romeu do Nascimento - 247 Jd Portal da Colina,Sorocaba,660
"FACULDADE DE FILOSOFIA, CIÊNCIAS E LETRAS DE IBITINGA (FAIBI)",FAIBI,Rua Roque Raineri - 81 Jardim Centenário,Ibitinga,3933
FACULDADE DE RIBEIRÃO PRETO (AFARP),AFARP,Rua Saldanha Marinho - 915 Centro,Ribeirão Preto,16543
Centro Universitário Metrocamp Wyden (UniMetrocamp Wyden),UniMetrocamp Wyden,Rua Sales de Oliveira - 1661 Vila Industrial,Campinas,12522
FACULDADE SUDOESTE PAULISTANO (FASUP),FASUP,Rua Santa Crescência - 443 Butantã,São Paulo,21983
FACULDADE DE EDUCAÇÃO E CIÊNCIAS GERENCIAIS DE SÃO PAULO (FECG-SP),FECG-SP,Rua Santa Crescência - 443 Ferreira/Butantã,São Paulo,363
FACULDADE INESP - INSTITUTO NACIONAL DE ENSINO E PESQUISA (INESP),INESP,Rua Santa Rosa - 168 Centro,Jacareí,1876
FACULDADE SENAI DE TECNOLOGIA MECATRÔNICA (SENAI),SENAI,Rua Santo André - 680 Boa Vista,São Caetano do Sul,4179
FACULDADE DE OSASCO (FCO),FCO,Rua São Bento - 11 Vila Yolanda,Osasco,1621
Faculdade 28 de Agosto de Ensino e Pesquisa (28 de Agosto),28 de Agosto,Rua São Bento - 413 Centro,São Paulo,22313
FACULDADE DE TECNOLOGIA DE JACAREÍ (ETEP),ETEP,Rua São Sebastião - 25 Centro,Jacareí,22312
UNIVERSIDADE FEDERAL DE SÃO PAULO (UNIFESP),UNIFESP,Rua Sena Madureira - 1500 Vila Clementino,São Paulo,22311
CENTRO UNIVERSITÁRIO ANHANGUERA DE SANTO ANDRÉ (UNIA),UNIA,Rua Senador Flaquer - 456/459 Centro,Santo André,22314
Faculdade de Tecnologia de Assis (FATEC Assis),FATEC Assis,Rua Senhor do Bonfim - 1226 Vila Xavier,Assis,22316
ESCOLA SUPERIOR DE TECNOLOGIA E EDUCAÇÃO DE RIO CLARO (ESRC),ESRC,Rua Sete - 1193 Centro,Rio Claro,1433
FACULDADE DE TECNOLOGIA DE PIRACICABA (FATEP),FATEP,Rua Silva Jardim - 1.763 Cidade Alta,Piracicaba,4371
Faculdade Estácio de Rio Preto (Estácio Rio Preto),Estácio Rio Preto,Rua Siqueira Campos - 2552 Parque Industrial,São José do Rio Preto,12249
FACULDADES INTEGRADAS CORAÇÃO DE JESUS (FAINC),FAINC,Rua Siqueira Campos - 483 CENTRO,Santo André,4492
FACULDADE DE TECNOLOGIA ZONA LESTE (FATEC-ZL),FATEC-ZL,Rua Sonho Gaúcho - 641 Cidade AE Carvalho,São Paulo,370
FACULDADE PRUDENTE DE MORAES (FPM),FPM,Rua Sorocaba - 936 Vila Santa Terezinha,Itu,20340
FACULDADES INTEGRADAS DE SÃO PAULO (FISP),FISP,Rua Tagua - 150 Liberdade,São Paulo,3896
UNIVERSIDADE SÃO JUDAS TADEU (USJT),USJT,Rua Taquari - 546 Mooca,São Paulo,19352
FACULDADES INTEGRADAS DE JAHU (FIJ),FIJ,Rua Tenente Navarro - 642 CHACARA MIRAGLIA,Jaú,3746
FACULDADE MAURÍCIO DE NASSAU SÃO BERNARDO DO CAMPO (FMN SBC),FMN SBC,Rua Tenente Salles - 229 Centro,São Bernardo do Campo,362
FACULDADE DE TECNOLOGIA DE PRESIDENTE PRUDENTE (FATEC),FATEC,Rua Teresina - 75 Vila Paulo Roberto,Presidente Prudente,361
Faculdade de Tecnologia de Itapira (FATEC Itapira),FATEC Itapira,Rua Tereza Lera Paoletti - 590 Jardim Bela Vista,Itapira,2247
FACULDADE SANTA IZILDINHA (FIESI),FIESI,Rua Tetis - s/n Cidade Satélite Santa Bárbara,São Paulo,2811
INSTITUTO DE ENSINO SUPERIOR DE FORMAÇÃO PROFISSIONAL (IESFORP),IESFORP,Rua Tibiriçá - 870 Centro,Ribeirão Preto,1387
FACULDADE ASSOCIADA BRASIL (FAB),FAB,Rua Tiquatira - 243 Bosque da Saúde,São Paulo,4185
FACULDADES COC DE SÃO PAULO (FACOCSP),FACOCSP,Rua Vergueiro - 1549 Vila Mariana,São Paulo,16502
ESCOLA SUPERIOR DE ENGENHARIA E GESTÃO DE SÃO PAULO - ESEG (ESEG),ESEG,Rua Vergueiro - 1951 Vila Mariana,São Paulo,21940
UNIVERSIDADE NOVE DE JULHO (UNINOVE),UNINOVE,Rua Vergueiro - 235 Liberdade,São Paulo,14715
Faculdade de Tecnologia Alpha Channel (FATAC),FATAC,Rua Vergueiro - 3028 Vila Mariana,São Paulo,22179
Faculdade de Tecnologia de Jales (Fatec Jales),Fatec Jales,Rua Vicente Leporace - 2630 Jardim Trianon,Jales,5046
FACULDADE DE TECNOLOGIA EXPOENTE (FATEC-EXPOENTE),FATEC-EXPOENTE,Rua Vilaça - 575 - C2 Centro,São José dos Campos,3456
Escola Brasileira de Medicina Chinesa (EBRAMEC),EBRAMEC,Rua Visconde de Parnaíba - 2727 Brás,São Paulo,19823
Faculdade Van Gogh (FVG),FVG,Rua Visconde de Parnaíba - 2727 Brás,São Paulo,14890
FACULDADE CAMPOS ELÍSEOS (FCE),FCE,Rua Vitorino Carmilo - 644 Campos Elísios,São Paulo,17598
FACULDADE DE MAUÁ - FAMA (FAMA),FAMA,Rua Vitorino Dell'Antônia - 349 Vila Noemia,Mauá,14727
UNIVERSIDADE DE ARARAQUARA (UNIARA),UNIARA,Rua Voluntários da Pátria - 1309 Centro,Araraquara,21670
CENTRO UNIVERSITÁRIO SANT´ANNA (UNISANT'ANNA),UNISANT'ANNA,Rua Voluntários da Pátria - 257 Santana,São Paulo,983
FACULDADE DE ODONTOLOGIA DA APCD (FAOA),FAOA,Rua Voluntários da Pátria - 547 Santana,São Paulo,4357
FACULDADE DE MONTE ALTO (FMA),FMA,RUA WADY ELIAS - 191 JARDIM ALVORADA,Monte Alto,922
CENTRO UNIVERSITÁRIO ANHANGÜERA (UNIFIAN),UNIFIAN,Rua Waldemar Silenci - 340 Cidade Jardim,Leme,1122
FACULDADE DE ENSINO SUPERIOR SANTA BARBARA (FAESB),FAESB,Rua XI de Agosto - 2.900 Valinho,Tatuí,4596
FACULDADE DE CIÊNCIAS HUMANAS DE AGUAÍ (FACHA),FACHA,Rua Xv de Novembro - 1326 Centro,Aguaí,20497
CENTRO UNIVERSITÁRIO DE RIO PRETO (UNIRP),UNIRP,Rua Yvette Gabriel Atique - 45 Boa Vista,São José do Rio Preto,21643
Faculdade Estácio de Ibiúna (ESTÁCIO IBIÚNA),ESTÁCIO IBIÚNA,Rua Zico Soares - 108 Centro,Ibiúna,18266
FACULDADE PADRE ANCHIETA DE VÁRZEA PAULISTA (ANCHIETA),ANCHIETA,Sítio São José - S/N Jardim Bertioga e Vila Popular,Várzea Paulista,2844
FEFISA - FACULDADES INTEGRADAS DE SANTO ANDRÉ (FEFISA),FEFISA,Travessa Cisplatina - 20 Vila Pires,Santo André,652
FACULDADE DE EDUCAÇÃO E TECNOLOGIA DE SÃO CARLOS (FETEC - São Carlos),FETEC - São Carlos,Travessa Jairo Bianco - 91 Vila Alpes,São Carlos,1689
FACULDADE DE TECNOLOGIA NILO DE STÉFANI - JABOTICABAL (FATEC JBL),FATEC JBL,"VIA DE ACESSO PROF. PAULO DONATO CASTELLANE, - S/Nº VILA INDUSTRIAL",Jaboticabal,910
FACULDADE DE AURIFLAMA (FAU),FAU,"Via de Acesso Sp 310 Arthur Fornazari Neto - Km 2,8 Limoeiro",Auriflama,434
FACULDADE ITEANA DE IBITINGA (FITI),FITI,Via Prefeito Alberto Alves Casemiro - 1.747 Centro,Ibitinga,1620
FACULDADE DO GUARUJÁ (FAGU),FAGU,Via Santos Dumont - 3365 Jardim Boa Esperança,Guarujá,5388
UNIVERSIDADE FEDERAL DE SÃO CARLOS (UFSCAR),UFSCAR,Via Washington Luis - Km 235 Monjolinho,São Carlos,3990
FACULDADE MARECHAL RONDON (FMR),FMR,Viscinal Nilo Lisboa Chavasco - 5000 Chacara Saltinho,São Manuel,22175
Faculdade Gran Tietê (FGT),FGT,XV DE NOVEMBRO - 125 Centro,Barra Bonita,2368
,,,,22096
,,,,18667
,,,,4435
,,,,22021
,,,,2814
,,,,12421
,,,,1420
,,,,1195
,,,,13488
,,,,17731
,,,,263
,,,,662
,,,,1569
,,,,1092
,,,,716
,,,,3432
,,,,1299
,,,,533
,,,,4793
,,,,1355
,,,,1097
,,,,19210
,,,,3753
,,,,1444
,,,,1385
,,,,734
,,,,5217
,,,,21502
,,,,1870
,,,,1838
,,,,13481
,,,,109
,,,,2575
,,,,1844
,,,,1266
,,,,11586
,,,,18372
,,,,234
,,,,15777
,,,,1013
,,,,11752
,,,,19883
,,,,4043
,,,,17850
,,,,3770
,,,,3051
,,,,19358
,,,,21822
,,,,2793
,,,,2289
,,,,321
,,,,18258
,,,,19586
,,,,21204
,,,,22216
,,,,22217
,,,,22224
,,,,20586
,,,,22263
,,,,11376
,,,,2197
,,,,21438
,,,,1725
,,,,22603
,,,,2886
,,,,3012
,,,,15714
,,,,15680
,,,,4007
,,,,1845
,,,,21952
,,,,2556
,,,,4925
,,,,18165
,,,,170
,,,,13466
,,,,1161
,,,,2348
,,,,3323
,,,,21509
,,,,4167
,,,,1182
,,,,1816
,,,,3882
,,,,1335
,,,,16901
,,,,1810
,,,,21827
,,,,1219
,,,,1283
,,,,1301
,,,,881
,,,,882
,,,,79
,,,,745
,,,,23352
,,,,10385
,,,,346
,,,,2342
,,,,2922
,,,,2529
,,,,1930
,,,,1973
,,,,2744
,,,,17269
,,,,1300
,,,,1276
,,,,602
,,,,3775
,,,,13724
,,,,19
,,,,546
,,,,1311
,,,,14878
,,,,1046
,,,,457
,,,,466
,,,,319
,,,,227
,,,,417
,,,,221
,,,,124
,,,,496
,,,,420
,,,,521
,,,,208
,,,,55
,,,,150
,,,,665
,,,,271
,,,,137
,,,,275
,,,,54
,,,,56
,,,,7
,,,,591
,,,,458
,,,,266
,,,,167
,,,,953
,,,,605
,,,,316
,,,,322
,,,,22
,,,,952
,,,,375
,,,,670
,,,,203
,,,,481
